Kingdom,Phylum,Class,Order,Family,Genus,Species,Feature.ID,Sequence
d__Bacteria,Bacteroidota,Bacteroidia,Bacteroidales,Tannerellaceae,NA,NA,03b438e8945bb405ad54ea802a1f031f,TCCGGATTTATTGGGTTTAAAGGGTGCGTAGGTGGTTAATTAAGTCAGCGGTGAAAGTTTGTGGCTCAACCATAAAATTGCCGTTGAAACTGGTTGACTTGAGTATATTTGAGGTAGGCGGAATGCGTGGTGTAGCGGTGAAATGCATAGATATCACGCAGAACTCCGATTGCGAAGGCAGCTTACTAAACTATAACTGACACTGAAGCACGA
d__Bacteria,Bacteroidota,Bacteroidia,Bacteroidales,Muribaculaceae,Muribaculaceae,uncultured_bacterium,080b3e6d30fb610871534470514436bd,TCCGGATTTATTGGGTTTAAAGGGTGCGCAGGCGGCCCGACAAGCCGGCGGTCAAATCGCGGGGCTCAACCCCGTCCAGCCGTCGGAACTGCCGGGCTAGAGTGGGCGAGAAGTGCGCGGAATGCGTGGTGTAGCGGTGAAATGCATAGATATCACGCAGAACTCCGATTGCGAAGGCAGCGCACCGGCGCCCTACTGACGCTCAGGCACGA
d__Bacteria,Bacteroidota,Bacteroidia,Bacteroidales,Muribaculaceae,Muribaculaceae,uncultured_Bacteroidales,775726f6788faf7d9f7149bc11321159,TCCGGATTTATTGGGTTTAAAGGGTGCGTAGGCGGACTGTCAAGTCAGCGGTAAAATACGGGGGCTCAACCTCCGCCCGCCGTTGAAACTGACGGTCTTGAGTGGGCGAGAAGTATGCGGAATGCGTGGTGTAGCGGTGAAATGCATAGATATCACGCAGAACTCCGATTGCGAAGGCAGCATACCGGCGCCCGACTGACGCTGAAGCACGA
d__Bacteria,Bacteroidota,Bacteroidia,Bacteroidales,Muribaculaceae,Muribaculaceae,uncultured_Bacteroidales,20cf68b1bf67f8fbea2adc400bdb37bf,TCCGGATTTATTGGGTTTAAAGGGTGCGTAGGCGGACTGTCAAGTCAGCGGTAAAATACGGGGGCTCAACCTCCGCCCGCCGTTGAAACTGACGGTCTTGAGTGGGCGAGAAGTATGCGGAATGCGTGGTGTAGCGGTGAAATGCATAGATATCACGCAGAACTCCGATTGCGAAGGCAGCATACCGGCGCCCAACTGACGCTGAAGCACGA
d__Bacteria,Verrucomicrobiota,Verrucomicrobiae,Verrucomicrobiales,Akkermansiaceae,Akkermansia,NA,ef26904830b91caa86a460c041c77fd4,TTCGGAATCACTGGGCGTAAAGCGTGCGTAGGCTGTTTCGTAAGTCGTGTGTGAAAGGCGCGGGCTCAACCCGCGGACGGCACATGATACTGCGAGACTAGAGTAATGGAGGGGGAACCGGAATTCTCGGTGTAGCAGTGAAATGCGTAGATATCGAGAGGAACACTCGTGGCGAAGGCGGGTTCCTGGACATTAACTGACGCTGAGGCACGA
d__Bacteria,Bacteroidota,Bacteroidia,Bacteroidales,Muribaculaceae,Muribaculaceae,uncultured_bacterium,1d86c8acf27fdf09c1aa3c829f3ffe63,TCCGGATTTATTGGGTTTAAAGGGTGCGCAGGCGGATGGTCAAGTCAGCGGTCAAATCACGGGGCTCAACCCCGTCCAGCCGTTGAAACTGGCCGTCTAGAGTGGGCGAGAAGTACGCGGAATGCGTGGTGTAGCGGTGAAATGCATAGATATCACGCAGAACTCCGATTGCGAAGGCAGCGTACCGGCGCCCTACTGACGCTCATGCACGA
d__Bacteria,Bacteroidota,Bacteroidia,Bacteroidales,Dysgonomonadaceae,Dysgonomonas,Dysgonomonas_termitidis,721bfa28fd424cb6fb593fbed106aa39,TCCGGATTTATTGGGTTTAAAGGGTGCGCAGGCGGGCTTTTAAGTCAGCGGTGAAATCTCGGGGCTTAACTCCGAAACTGCCGTTGAAACTGGGAGTCTTGAGTATGGATGAAGTAGGCGGAATTCGTTGTGTAGCGGTGACATGCTTAGATATAACGAGGAACTCCGATTGCGTAGGCAGCTTACTAAGCCATAACTGACGCTCAAGCACGA
d__Bacteria,Actinobacteriota,Coriobacteriia,Coriobacteriales,Eggerthellaceae,Eggerthella,uncultured_bacterium,a7eb4eea43ab3df2d8e9677cf7aa7b18,TCCGGATTCATTGGGCGTAAAGAGCGCGTAGGCGGCCTCTCAAGCGGGATCTCTAATCCGAGGGCTCAACCCCCGGCCGGATCCCGAACTGGGAGGCTCGAGTTCGGTAGAGGCAGGCGGAATTCCCGGTGTAGCGGTGGAATGCGCAGATATCGGGAAGAACACCGATGGCGAAGGCAGCCTGCTGGGCCGCAACTGACGCTGAGGCGCGA
d__Bacteria,Actinobacteriota,Actinobacteria,Bifidobacteriales,Bifidobacteriaceae,Bifidobacterium,NA,a0a71ef0c51f9ed5c795b1d035832089,TCCGGATTTATTGGGCGTAAAGGGCTCGTAGGCGGTTCGTCGCGTCCGGTGTGAAAGTCCATCGCTTAACGGTGGATCCGCGCCGGGTACGGGCGGGCTTGAGTGCGGTAGGGGAGACTGGAATTCCCGGTGTAACGGTGGAATGTGTAGATATCGGGAAGAACACCAATGGCGAAGGCAGGTCTCTGGGCCGTTACTGACGCTGAGGAGCGA
d__Bacteria,Actinobacteriota,Coriobacteriia,Coriobacteriales,Eggerthellaceae,Enterorhabdus,uncultured_bacterium,efd851bd46f63aee673f2e405a7c2e0b,TCCGGATTCATTGGGCGTAAAGCGCGCGCAGGCGGACCGTTAAGCGGGACCTCTAATCTCAGGGCTCAACCTTGAGCCGGGTCCCGAACTGGCGTGTCTCGAGTTCGGTAGGGGAGATCGGAATTCCCGGTGTAGCGGTGGAATGCGCAGATATCGGGAAGAACACCGATGGCGAAGGCAGATCTCTGGGCCGCAACTGACGCTGAGGCGCGA
d__Bacteria,Bacteroidota,Bacteroidia,Flavobacteriales,Flavobacteriaceae,Tenacibaculum,NA,9d835cdfd5bcfdffb1bf4d948547baca,TCCGGAATCATTGGGTTTAAAGGGTCCGCAGGCGGTCAATTAAGTCAGAGGTGAAATCCCATAGCTTAACTATGGAACTGCCTTTGATACTGGTTGACTTGAGTTATACGGAAGTAGATAGAATAAGTAGTGTAGCGGTGAAATGCATAGATATTACTTAGAATACCGATTGCGAAGGCAGTCTACTACGTATATACTGACGCTCATGGACGA
d__Bacteria,Actinobacteriota,Actinobacteria,Micrococcales,Micrococcaceae,Micrococcus,NA,990113e215f3220ac9b1edb44e54dfe9,TCCGGAATTATTGGGCGTAAAGAGCTCGTAGGCGGTTTGTCGCGTCTGTCGTGAAAGTCCGGGGCTTAACCCCGGATCTGCGGTGGGTACGGGCAGACTAGAGTGCAGTAGGGGAGACTGGAATTCCTGGTGTAGCGGTGGAATGCGCAGATATCAGGAGGAACACCGATGGCGAAGGCAGGTCTCTGGGCTGTAACTGACGCTGAGGAGCGA
d__Bacteria,Actinobacteriota,Actinobacteria,Micrococcales,Intrasporangiaceae,Janibacter,NA,4e6c7dd75d25eb180ba27a865d5530d8,TCCGGAATTATTGGGCGTAAAGGGCTTGTAGGCGGTTTGTCGCGTCTGCTGTGAAAATCCGAGGCTCAACCTCGGACTTGCAGTGGGTACGGGCAGACTAGAGTGTGGTAGGGGAGACTGGAATTCCTGGTGTAGCGGTGAAATGCGCAGATATCAGGAGGAACACCGATGGCGAAGGCAGGTCTCTGGGCCACTACTGACGCTGAGAAGCGA
d__Bacteria,Bacteroidota,Bacteroidia,Bacteroidales,Bacteroidaceae,Bacteroides,NA,9f48ee93af56a2fe2c491b0635fbcbb9,TCCGGATTTATTGGGTTTAAAGGGAGCGTAGGCGGGTTGTTAAGTCAGTTGTGAAAGTTTGCGGCTCAACCGTAAAATTGCAGTTGATACTGGCGACCTTGAGTGCAACAGAGGTAGGCGGAATTCGTGGTGTAGCGGTGAAATGCTTAGATATCACGAAGAACTCCGATTGCGGAGGCAGCTCACTGGAGTGTAACTGACGCTGATGCTCGA
d__Bacteria,Bacteroidota,Bacteroidia,Bacteroidales,Bacteroidaceae,Bacteroides,NA,2711356bc970d24bcc4a2710dec13147,TCCGGATTTATTGGGTTTAAAGGGAGCGTAGGCGGATTGTTAAGTCAGTTGTGAAAGTTTGCGGCTCAACCGTAAAATTGCAGTTGATACTGGCAGTCTTGAGTGCAGTAGAGGTGGGCGGAATTCGTGGTGTAGCGGTGAAATGCTTAGATATCACGAAGAACTCCGATTGCGAAGGCAGCTCACTGGAGTGTAACTGACGCTGATGCTCGA
d__Bacteria,Bacteroidota,Bacteroidia,Bacteroidales,Barnesiellaceae,Barnesiella,NA,96292e1e725cfe062122830b89218130,TCCGGATTTATTGGGTTTAAAGGGTGCGTAGGCGGCACGCCAAGTCAGCGGTGAAATTTCCGGGCTCAACCCGGAGTGTGCCGTTGAAACTGGCGAGCTAGAGTACACAAGAGGCAGGCGGAATGCGTGGTGTAGCGGTGAAATGCATAGATATCACGCAGAACCCCGATTGCGAAGGCAGCCTGCTAGGGTGAAACAGACGCTGAGGCACGA
d__Bacteria,Bacteroidota,Bacteroidia,Bacteroidales,Prevotellaceae,Prevotella,NA,1dfc777a4ee10e154da3e4cc4b82172e,TCCGGATTTATTGGGTTTAAAGGGAGCGTAGGCCGGAGATTAAGCGTGTTGTGAAATGTAGATGCTCAACATCTGAACTGCAGCGCGAACTGGTTTCCTTGAGTACGCACAAAGTGGGCGGAATTCGTGGTGTAGCGGTGAAATGCTTAGATATCACGAAGAACTCCGATTGCGAAGGCAGCTCACTGGAGCGCAACTGACGCTGAAGCTCGA
d__Bacteria,Bacteroidota,Bacteroidia,Flavobacteriales,Flavobacteriaceae,NA,NA,1d9931ae496e1fb8e13533fbcb07c43c,TCCGGAATCATTGGGTTTAAAGGGTCCGTAGGTGGATAATTAAGTCAGAGGTGAAATCCTGCAGCTCAACTGTAGAATTGCCTTTGATACTGGTTATCTTGAATTATTATGAAGTAGTTAGAATATGTAGTGTAGCGGTGAAATGCATAGATATTACATAGAATACCAATTGCGAAGGCAGATTACTAATAATGGATTGACACTGATGGACGA
d__Bacteria,Actinobacteriota,Actinobacteria,Micrococcales,Dermabacteraceae,Brachybacterium,NA,78722513239611f86d60c6bdab5a234a,TCCGGAATTATTGGGCGTAAAGAGCTTGTAGGTGGCTTGTCGCGTCTGCCGTGAAAACCCGAGGCTCAACCTCGGGCGTGCGGTGGGTACGGGCAGGCTAGAGTGTGGTAGGGGAGACTGGAACTCCTGGTGTAGCGGTGAAATGCGCAGATATCAGGAAGAACACCGATGGCGAAGGCAGGTCTCTGGGCCATTACTGACACTGAGAAGCGA
d__Bacteria,Bacteroidota,Bacteroidia,Bacteroidales,Bacteroidaceae,Bacteroides,NA,a40626e5242cd4a093c46739c0d3c4be,TCCGGATTTATTGGGTTTAAAGGGAGCGTAGGCGGACGCTTAAGTCAGTTGTGAAAGTTTGCGGCTCAACCGTAAAATTGCAGTTGATACTGGGTGTCTTGAGTACAGTAGAGGCAGGCGGAATTCGTGGTGTAGCGGTGAAATGCTTAGATATCACGAAGAACTCCGATTGCGAAGGCAGCTTGCTGGACTGTAACTGACGCTGATGCTCGA
d__Bacteria,Actinobacteriota,Actinobacteria,Corynebacteriales,Corynebacteriaceae,Corynebacterium,NA,7f40dd4abf04ff135068230b2e78c196,TCCGGAATTACTGGGCGTAAAGAGCTCGTAGGTGGTTTGTCGCGTCGTTTGTGTAAGTCCGCAGCTTAACTGCGGGACTGCAGGCGATACGGGCATAACTTGAGTGCTGTAGGGGAGACTGGAATTCCTGGTGTAGCGGTGGAATGCGCAGATATCAGGAGGAACACCGATGGCGAAGGCAGGTCTCTGGGCAGTAACTGACGCTGAGGAGCGA
d__Bacteria,Bacteroidota,Bacteroidia,Cytophagales,Spirosomaceae,Spirosoma,unidentified,de5a54312ae07553e2552f8436c7432c,TCCGGATTTATTGGGTTTAAAGGGTGCGTAGGTGGCTTCTTAAGTCTGGTTTGAAAGTCGGCGGCTTAACCGTTGGATGTGGCTGGAAACTGGGGGGCTTGAATTACTTGGCGGTAGCCGGAATGGGTCATGTAGCGGTGAAATGCATAGATATGACCCGGAACCCCGATTGCGAAGGCAGGCTACTACGATTTGATTGACACTGAGGCACGA
d__Bacteria,Bacteroidota,Bacteroidia,Bacteroidales,Bacteroidaceae,Bacteroides,NA,1c876bff4a99e319f7056c5834c36d54,TCCGGATTTATTGGGTTTAAAGGGAGCGTAGGTTGACATATAAGTCAGCTGTGAAAGTTTACGGCTCAACCGTGAAATTGCAGTTGATACTGTATGTCTTGAGTGTACAAGAGGTGGGCGGAATTCGTGGTGTAGCGGTGAAATGCTTAGATATCACGAAGAACTCCAATTGCGAAGGCAGCTCACTGGGGTACAACTGACACTGAGGCTCGA
d__Bacteria,Actinobacteriota,Actinobacteria,Frankiales,Geodermatophilaceae,Blastococcus,NA,97332d80a3b9af6dd177e68477a4563d,TCCGGAATTATTGGGCGTAAAGAGCTCGTAGGCGGTTTGTTGCGTCGGCTGTGAAAACCTGAGGCTCAACCTCAGGCCTGCAGTCGATACGAGCAGACTAGAGTGTTGCAGGGGAGACTGGAATTCCTGGTGTAGCGGTGAAATGCGCAGATATCAGGAGGAACACCGGTGGCGAAGGCGGGTCTCTGGGCAACAACTGACGCTGAGGAGCGA
d__Bacteria,Actinobacteriota,Actinobacteria,Micrococcales,Dermabacteraceae,Brachybacterium,NA,87afeb73553c7b05c3d8cc1eb10ed157,TCCGGAATTATTGGGCGTAAAGAGCTCGTAGGTGGCTTGTCGCGTCTGCCGTGAAAACCCGAGGCTCAACCTCGGGCGTGCGGTGGGTACGGGCAGGCTAGAGTGTGGTAGGGGAGACTGGAACTCCTGGTGTAGCGGTGAAATGCGCAGATATCAGGAAGAACACCGATGGCGAAGGCAGGTCTCTGGGCCATTACTGACACTGAGGAGCGA
d__Bacteria,Actinobacteriota,Actinobacteria,Micrococcales,Intrasporangiaceae,NA,NA,a43573f16e1024221be3208f73318b93,TCCGGAATTATTGGGCGTAAAGAGCTTGTAGGCGGTTTGTCGCGTCTGCTGTGAAAGCCCGGGGCTTAACCCCGGGTCTGCAGTGGGTACGGGCAGGCTAGAGTGTGGTAGGGGAGACTGGAATTCCTGGTGTAGCGGTGGAATGCGCAGATATCAGGAGGAACACCGATGGCGAAGGCAGGTCTCTGGGCCACTACTGACGCTGAGAAGCGA
d__Bacteria,Actinobacteriota,Actinobacteria,Micrococcales,Intrasporangiaceae,NA,NA,76fc35e57a1e5a26345063bb052b0233,TCCGGAATTATTGGGCGTAAAGAGCTTGTAGGCGGTTTGTCGCGTCTGCCGTGAAAATCCGGGGCTCAACCCCGGACTTGCAGTGGGTACGGGCAGACTAGAGTGTGGTAGGGGAGACTGGAATTCCTGGTGTAGCGGTGGAATGCGCAGATATCAGGAGGAACACCGATGGCGAAGGCAGGTCTCTGGGCCACTACTGACGCTGAGAAGCGA
d__Bacteria,Actinobacteriota,Actinobacteria,Micrococcales,Micrococcaceae,Kocuria,NA,f22306e1c7300946eb4e962463379648,TCCGGAATTATTGGGCGTAAAGAGCTCGTAGGCGGTTTGTCGCGTCTGCTGTGAAAGCCCGGGGCTTAACCCCGGGTGTGCAGTGGGTACGGGCAGACTAGAGTGCAGTAGGGGAGACTGGAATTCCTGGTGTAGCGGTGGAATGCGCAGATATCAGGAGGAACACCGATGGCGAAGGCAGGTCTCTGGGCTGTTACTGACGCTGAGGAGCGA
d__Bacteria,Bacteroidota,Bacteroidia,Sphingobacteriales,Sphingobacteriaceae,Sphingobacterium,Sphingobacterium_nematocida,eedf5aaee2ed5617d47713168f9657cd,TCCGGATTTATTGGGTTTAAAGGGTGCGTAGGCGGCTTATTAAGTCAGGGGTGAAATACGGCAGCTCAACTGTCGCAGTGCCTTTGATACTGATAAGCTTGAATGTGGTTGAAGATGGCGGAATGAGACAAGTAGCGGTGAAATGCATAGATATGTCTCAGAACTCCGATTGCGAAGGCAGCTATCTAAGCCATTATTGACGCTGATGCACGA
d__Bacteria,Actinobacteriota,Actinobacteria,Corynebacteriales,Corynebacteriaceae,Corynebacterium,NA,4b00b6d624e5a4804340b0ead92d97b2,TCCGGAATTACTGGGCGTAAAGAGCTCGTAGGTGGTTTGTCGCGTCGTTTGTGTAAGCCCGCAGCTTAACTGCGGGACTGCAGGCGATACGGGCATAACTTGAGTGCTGTAGGGGAGACTGGAATTCCTGGTGTAGCGGTGGAATGCGCAGATATCAGGAGGAACACCGATGGCGAAGGCAGGTCTCTGGGCAGTAACTGACGCTGAGGAGCGA
d__Bacteria,Bacteroidota,Bacteroidia,Flavobacteriales,Weeksellaceae,Empedobacter,uncultured_bacterium,923d7671e0a934e9f5b4f6288e41695e,TCCGGATTTATTGGGTTTAAAGGGTCCGTAGGCGGATTAATCAGTCAGTGGTGAAATCTCATAGCTTAACTATGAAACTGCCATTGATACTGTTAGTCTTGAGTGATGTTGAAGTTGCTGGAATGTGTAGTGTAGCGGTGAAATGCTTAGATATTACGCAGAACACCAATTGCGAAGGCAGGTGACTAAACATCAACTGACGCTGATGGACGA
d__Bacteria,Actinobacteriota,Actinobacteria,Micrococcales,Micrococcaceae,Kocuria,NA,61d8c65acb4fa47ed5e02be70e249e65,TCCGGAATTATTGGGCGTAAAGAGCTCGTAGGCGGTTTGTCGCGTCTGCTGTGAAAGCCCGGGGCTCAACCCCGGGTCTGCAGTGGGTACGGGCAGACTAGAGTGCAGTAGGGGAGACTGGAATTCCTGGTGTAGCGGTGAAATGCGCAGATATCAGGAGGAACACCGATGGCGAAGGCAGGTCTCTGGGCTGTTACTGACGCTGAGGAGCGA
d__Bacteria,Bacteroidota,Bacteroidia,Bacteroidales,Tannerellaceae,NA,NA,149dbcabe78c044bd0ad0f7749563a27,TCCGGATTTATTGGGTTTAAAGGGTGCGTAGGTGGTTAATTAAGTCAGCGGTGAAAGTTTGTGGCTCAACCATAAAATTGCCGTTGAAACTGGTTGACTTGAGTATATTTGAGGTAGGCGGAATGCGTGGCGTAGCGGTGAAATGCATAGATATCACGCAGAACTCCGATTGCGAAGGCAGCTTACTAAACTATAACTGACACTGAAGCACGA
d__Bacteria,Actinobacteriota,Actinobacteria,Micrococcales,Brevibacteriaceae,Brevibacterium,NA,07c047c0fbe140e247f605bb0bdb02f6,TCCGGAATTATTGGGCGTAAAGAGCTCGTAGGTGGTTGGTCACGTCTGCTGTGGAAACGCAACGCTTAACGTTGCGCGTGCAGTGGGTACGGGCTGACTAGAGTGCAGTAGGGGAGTCTGGAATTCCTGGTGTAGCGGTGAAATGCGCAGATATCAGGAGGAACACCGGTGGCGAAGGCGGGACTCTGGGCTGTAACTGACGCTGAGGAGCGA
d__Bacteria,Actinobacteriota,Actinobacteria,Micrococcales,NA,NA,NA,8dc5b4424460edc11096a8cd811dec18,TCCGGAATTATTGGGCGTAAAGAGCTCGTAGGCGGTTTGTCGCGTCTGGTGTGAAAACTCAAGGCTCAACCTTGAGCTTGCATCGGGTACGGGCAGACTAGAGTGCGGTAGGGGTGACTGGAATTCCTGGTGTAGCGGTGGAATGCGCAGATATCAGGAGGAACACCGATGGCGAAGGCAGGTCACTGGGCCGCAACTGACGCTGAGGAGCGA
d__Bacteria,Actinobacteriota,Actinobacteria,Micrococcales,Intrasporangiaceae,NA,NA,73f6e6c38513ea362aef3a9b293a6c46,TCCGGAATTATTGGGCGTAAAGAGCTTGTAGGCGGTTTGTCGCGTCTGCTGTGAAAATCCGGGGCTCAACCCCGGACTTGCAGTGGGTACGGGCAGACTAGAGTGTGGTAGGGGAGACTGGAATTCCTGGTGTAGCGGTGAAATGCGCAGATATCAGGAGGAACACCGATGGCGAAGGCAGGTCTCTGGGCCACTACTGACGCTGAGAAGCGA
d__Bacteria,Actinobacteriota,Actinobacteria,Corynebacteriales,Corynebacteriaceae,Corynebacterium,NA,23a5149882b30d3d8114113224ff167b,TCCGGAATTACTGGGCGTAAAGAGCTCGTAGGTGGTTTGTCGCGTCGTCTGTGAAATTCCGGGGCTTAACTCCGGGCGTGCAGGCGATACGGGCATAACTTGAGTACTGTAGGGGAGACTGGAATTCCTGGTGTAGCGGTGAAATGCGCAGATATCAGGAGGAACACCGGTGGCGAAGGCGGGTCTCTGGGCAGTAACTGACGCTGAGGAGCGA
d__Bacteria,Bacteroidota,Bacteroidia,Chitinophagales,Chitinophagaceae,Edaphobaculum,uncultured_bacterium,fbabe2a1ebc858585c6dfe20b6e5f6a2,TCCGGATTTACTGGGTTTAAAGGGTGTGTAGGCGGGTTGGTAAGTCAGTGGTGAAATCTCCGAGCTTAACTTGGAAACTGCCGTTGATACTATCAGTCTTGAATATCGTTGAGGTAGGCGGAATACATCATGTAGCGGTGAAATGCTTAGATATGATGTAGAACACCGATTGCGAAGGCAGCTTACTAAACGATGATTGACGCTGAGGCACGA
d__Bacteria,Bacteroidota,Bacteroidia,Bacteroidales,Muribaculaceae,Muribaculaceae,NA,75f8d72715a98c85403fb891aceffa64,TCCGGATTTATTGGGTTTAAAGGGTGCGTAGGCGGACTGTCAAGTCAGCGGTAAAATACGGGGGCTCAACCTCCGCCCGCCGTTGAAACTGACGGTCTTGAGTGGGCGAGAAGCATGCGGAATGCGTGGTGTAGCGGTGAAATGCATAGATATCACGCAGAACTCCGATTGCGAAGGCAGCATACCGGCGCCCGACTGACGCTGAAGCACGA
d__Bacteria,Actinobacteriota,Actinobacteria,Micrococcales,Bogoriellaceae,Georgenia,NA,cc60003cb3edb40d53fee8e99a3a99a3,TCCGGAATTATTGGGCGTAAAGAGCTCGTAGGCGGTTTGTCGCGTCTGCTGTGAAAACGCAAGGCTTAACCTTGCGCCTGCAGTGGGTACGGGCAGACTAGAGTGCGGTAGGGGAGACTGGAATTCCTGGTGTAGCGGTGGAATGCGCAGATATCAGGAGGAACACCGATGGCGAAGGCAGGTCTCTGGGCCGTTACTGACGCTGAGGAGCGA
d__Bacteria,Actinobacteriota,Actinobacteria,Corynebacteriales,Dietziaceae,Dietzia,NA,a3b2941f92ae9df4b4ca0939445c74af,TCCGGAATTACTGGGCGTAAAGAGCTCGTAGGCGGTTTGTCACGTCGTCTGTGAAATCCCTCGGCTTAACCGGGGGCGTGCAGGCGATACGGGCAGACTTGAGTACTACAGGGGAGACTGGAATTCCTGGTGTAGCGGTGAAATGCGCAGATATCAGGAGGAACACCGGTGGCGAAGGCGGGTCTCTGGGTAGTAACTGACGCTGAGGAGCGA
d__Bacteria,Bacteroidota,Bacteroidia,Bacteroidales,Prolixibacteraceae,Roseimarinus,uncultured_bacterium,a3771647a9e472db7b66009eb5607737,TCCGGATTCATTGGGTTTAAAGGGTGCGTAGGCGGCTTTTTAAGTCAGTGGTGAAATCCTGCAGCTTAACTGTAGAATTGCCATTGATACTGAAGAGCTTGAATATAGTTGAGGTAGGCGGAATGTGCAGTGTAGCGGTGAAATGCTTAGATATTGCACAGAACACCGATTGCGAAGGCAGCTTACTAAATTATTATTGACGCTGAGGCACGA
d__Bacteria,Actinobacteriota,Thermoleophilia,Solirubrobacterales,Solirubrobacteraceae,Solirubrobacter,NA,60e6a2b0a5b633516cf48d8001b24a6a,TCCGGAATCATTGGGCGTAAAGCGCGTGTAGGCGGTCCGGTAAGTCCGCTGTGAAAGTCGGGGGCTCAACCCTCGAAAGCCGGTGGATACTGTCGGGCTAGAGTACGGAAGAGGCGAGTGGAATTCCTGGTGTAGCGGTGAAATGCGCAGATATCAGGAGGAACACCAATTGCGAAGGCAGCTCGCTGGGACGTTACTGACGCTGAGACGCGA
d__Bacteria,Bacteroidota,Bacteroidia,Flavobacteriales,Weeksellaceae,uncultured,uncultured_bacterium,dc5ebc37bab106920e90c9590f28a402,TCCGGATTTATTGGGTTTAAAGGGTCCGTAGGCGGACCGGTAAGTCAGTGGTGAAATCTTGTCGCTTAACGATAAAACTGCCATTGATACTGTCGGTCTTGAGTGTAGTTGAGGTAGCTGGAATGAGTAGTGTAGCGGTGAAATGCATAGATATTACTCAGAACACCAATTGCGAAGGCAGGTTACCAAGTTACAACTGACGCTGAGGGACGA
d__Bacteria,Actinobacteriota,Actinobacteria,Micrococcales,Intrasporangiaceae,NA,NA,cdf1d49e39c916cc2e5c3964ebd6d3fe,TCCGGAATTATTGGGCGTAAAGAGCTTGTAGGCGGTTTGTCGCGTCTGCTGTGAAAATCCGGGGCTCAACCCCGGACTTGCAGTGGGTACGGGCAGACTAGAGTGTGGTAGGGGAGACTGGAATTCCTGGTGTAGCGGTGGAATGCGCAGATATCAGGAGGAACACCGATGGCGAAGGCAGGTCTCTGGGCCACTACTGACGCTGAGAAGCGA
d__Bacteria,Bacteroidota,Bacteroidia,Flavobacteriales,Weeksellaceae,Empedobacter,NA,daed3023186e7e8ebd4cd0f5571e6396,TCCGGATTTATTGGGTTTAAAGGGTCCGTAGGCGGATTAATCAGTCAGTGGTGAAATCTCATAGCTTAACTATGAAACTGCCATTGATACTGTTAGTCTTGAGTGATGTTGAAGTTGCTGGAATGTGTAGTGTAGCGGTGAAATGCTTAGATATTACGCAGAACACCAATTGCGAAGGCAGGTGACTAAACATTAACTGACGCTGATGGACGA
d__Bacteria,Actinobacteriota,Actinobacteria,Corynebacteriales,Corynebacteriaceae,Corynebacterium,NA,a9f3b1489326d6fee20a22014f9086cc,TCCGGAATTACTGGGCGTAAAGGGCTCGTAGGTGGTTTGTCGCGTCGTCTGTGAAATTCCGGGGCTTAACTCCGGGCGTGCAGGCGATACGGGCATAACTTGAGTACTGTAGGGGTAACTGGAATTCCTGGTGTAGCGGTGAAATGCGCAGATATCAGGAGGAACACCGATGGCGAAGGCAGGTTACTGGGCAGTTACTGACGCTGAGGAGCGA
d__Bacteria,Bacteroidota,Bacteroidia,Sphingobacteriales,Sphingobacteriaceae,Pedobacter,NA,72a49b159fc50c7a9837e3418c8027d1,TCCGGATTTATTGGGTTTAAAGGGTGCGTAGGCGGCTTATTAAGTCAGGGGTGAAAGACGGTGGCTCAACCATCGCAGTGCCCTTGATACTGATGAGCTTGAATGTACTAGAGGTAGGCGGAATGTGACAAGTAGCGGTGAAATGCATAGATATGTCACAGAACACCGATTGCGAAGGCAGCTTACTATGGTATTATTGACGCTGAGGCACGA
d__Bacteria,Actinobacteriota,Actinobacteria,Micrococcales,Dermabacteraceae,Helcobacillus,Helcobacillus_massiliensis,9f7cfe30efac488588bc8ccef9aaa6dc,TCCGGAATTATTGGGCGTAAAGAGCTTGTAGGTGGCTTGTCGCGTCTGCCGTGAAAACCCAATGCTTAACGTTGGGCGTGCGGTGGGTACGGGCAGGCTAGAGTGTGGTAGGGGAGACTGGAATTCCTGGTGTAGCGGTGAAATGCGCAGATATCAGGAGGAACACCGATGGCGAAGGCAGGTCTCTGGGCCATTACTGACACTGAGAAGCGA
d__Bacteria,Actinobacteriota,Actinobacteria,Propionibacteriales,Nocardioidaceae,Nocardioides,NA,a6146d7d235529eb504dff84d146f6c3,TCCGGAATTATTGGGCGTAAAGGGCTCGTAGGCGGTTTGTCGCGTCGGGAGTGAAAACACCGTGCTTAACACGGTGCTGGCTTTCGATACGGGCAGACTAGAGGTATGCAGGGGAGAACGGAATTCCTGGTGTAGCGGTGAAATGCGCAGATATCAGGAGGAACACCGGTGGCGAAGGCGGTTCTCTGGGCATTACCTGACGCTGAGGAGCGA
d__Bacteria,Actinobacteriota,Actinobacteria,Micrococcales,Dermacoccaceae,Kytococcus,Kytococcus_sp.,2259a0bed535dd91b2d775bc5cef21bd,TCCGGAATTATTGGGCGTAAAGAGCTTGTAGGCGGTTTGTCGCGTCTGCTGTGAAAATTCAGGGCTTAACCCTGGACGTGCAGTGGGTACGGGCAGACTAGAGTATGGTAGGGGAGACTGGAATTCCTGGTGTAGCGGTGGAATGCGCAGATATCAGGAGGAACACCGATGGCGAAGGCAGGTCTCTGGGCCATTACTGACGCTGAGAAGCGA
d__Bacteria,Actinobacteriota,Actinobacteria,Actinomycetales,Actinomycetaceae,Actinomyces,Actinomyces_minihominis,0a42ca916e97fbb0dd99784f94ec963d,TCCGGATTTATTGGGCGTAAAGGGCTTGTAGGTGGCGTGTCGCGTCTGTCGTGAAAGGCTCCGGCTTAACTGGGGTAGTGCGGTGGGTACGGGCATGCTTGAGTGTGGTAGGGGAGATTGGAATTCCTGGTGTAGCGGTGGAATGCGCAGATATCAGGAGGAACACCGGTGGCGAAGGCGGATCTCTGGGCCATTACTGACGCTGAGGAGCGA
d__Bacteria,Bacteroidota,Bacteroidia,Bacteroidales,Prevotellaceae,Prevotella,Prevotella_melaninogenica,d52efb3dd6136ffd7f73dba678464a4c,TCCGGATTTATTGGGTTTAAAGGGAGCGTAGGCTGGATATTAAGTGTGTTGTGAAATGTAGACGCTCAACGTCTGACTTGCAGCGCATACTGGTTTCCTTGAGTACGCACAACGTTGGCGGAATTCGTCGTGTAGCGGTGAAATGCTTAGATATGACGAAGAACTCCGATTGCGAAGGCAGCTGACGGGAGCGCAACTGACGCTTAAGCTCGA
d__Bacteria,Bacteroidota,Bacteroidia,Chitinophagales,Saprospiraceae,Membranicola,uncultured_bacterium,522632594e0f9bc1ec7fc8d8d1ce883d,TCCGGAATCACTGGGTTTAAAGGGTGCGTAGGCGGTTATGTAAGTCAGAGGTGAAAGGTCACAGCTCAACTGTGAGATGGCCTTTGAAACTGTGTAACTTGAATCAGGTAGAGGTTAGTGGAATGCGACATGTAGCGGTGAAATGCATAGATATGTCGTGGAATACCGATTGCGAAGGCAGCTAACTGGGTCTTGATTGACGCTGAGGCACGA
d__Bacteria,Bacteroidota,Bacteroidia,Flavobacteriales,Flavobacteriaceae,Salegentibacter,uncultured_bacterium,f3ffe8ad04f9cac4a2e6af4fad7523a1,TCCGGAATCATTGGGTTTAAAGGGTCCGTAGGCGGGGTAATCAGTCAGTGGTGAAAGTCTGCAGCTTAACTGTAGAATTGCCATTGATACTGTTATCCTTGAGTTATTATGAAGTGGTTAGAATGAGTAGTGTAGCGGTGAAATGCATAGATATTACTCAGAATACCGATTGCGAAGGCAGATCACTAATAATACACTGACGCTGATGGACGA
d__Bacteria,Bacteroidota,Bacteroidia,Flavobacteriales,Flavobacteriaceae,Confluentibacter,Confluentibacter_lentus,285a89d1490c617fbf91248a4ab42b66,TCCGGAATCATTGGGTTTAAAGGGTCCGTAGGTGGACGGTTAAGTCAGGGGTGAAAGTCTGCAGCTCAACTGTAGAATTGCCCTTGATACTGGTCGTCTTGAATTATTGTGAAGTGGTTAGAATATGTAGTGTAGCGGTGAAATGCATAGATATTACATAGAATACCAATTGCGAAGGCAGATCACTAACAATACATTGACACTGATGGACGA
d__Bacteria,Actinobacteriota,Actinobacteria,Corynebacteriales,Corynebacteriaceae,Corynebacterium,NA,ee0bea92996d0a5df25beb8222e94e55,TCCGGAATTACTGGGCGTAAAGAGCTCGTAGGTGGTTTGTCGCGTCGTCTGTGAAATTCCGGGGCTTAACTTCGGGCGTGCAGGCGATACGGGCATAACTTGAGTGCTGTAGGGGAGACTGGAATTCCTGGTGTAGCGGTGAAATGCGCAGATATCAGGAGGAACACCGATGGCGAAGGCAGGTCTCTGGGCAGTTACTGACGCTGAGGAGCGA
d__Bacteria,Actinobacteriota,Actinobacteria,Micrococcales,Micrococcaceae,Glutamicibacter,NA,66bfa4b4805561b39123d60abda1ed0d,TCCGGATTTATTGGGCGTAAAGAGCTCGTAGGCGGTTTGTCGCGTCTGCCGTGAAAGTCCGAGGCTCAACCTCGGATCTGCGGTGGGTACGGGCAGACTAGAGTGATGTAGGGGAGACTGGAATTCCTGGTGTAGCGGTGAAATGCGCAGATATCAGGAGGAACACCGATGGCGAAGGCAGGTCTCTGGGCATTTACTGACGCTGAGGAGCGA
d__Bacteria,Bacteroidota,Bacteroidia,Flavobacteriales,Flavobacteriaceae,Xanthomarina,NA,83ce8ad67fd8140b38c8ce9555613388,TCCGGAATCATTGGGTTTAAAGGGTCCGTAGGTGGATGATTAAGTCAGAGGTGAAATCCTGCAGCTCAACTGTAGAATTGCCTTTGATACTGGTTGTCTTGAATTATTGTGAAGTAGTTAGAATATGTGGTGTAGCGGTGAAATGCATAGATATCACATAGAATACCGATTGCGAAGGCAGATTACTAACAATACATTGACACTGATGGACGA
d__Bacteria,Bacteroidota,Bacteroidia,Sphingobacteriales,Sphingobacteriaceae,uncultured,Sphingobacterium_sp.,1b26da216c0efade65fe8a768ff84ecb,TCCGGATTTATTGGGTTTAAAGGGTGCGTAGGCGGTTCTTTAAGTCAGGGGTGAAATACGGCAGCTCAACTGTCGCAGTGCCTTTGATACTGAAGGGCTTGAATGGTCTCGAAGACGGCGGAATGGGACAAGTAGCGGTGAAATGCATAGATATGTCCCAGAACCCCGATAGCGAAGGCAGCTGTCTAGGGATTTATTGACGCTGATGCACGA
d__Bacteria,Actinobacteriota,Actinobacteria,Micrococcales,Dermacoccaceae,Dermacoccus,NA,91024c717f70a55db96520b08c7709e8,TCCGGAATTATTGGGCGTAAAGAGCTTGTAGGCGGTTTGTCGCGTCTGCTGTGAAAGACCGGGGCTTAACTCCGGTTCTGCAGTGGGTACGGGCAGACTAGAGTATGGTAGGGGAGACTGGAATTCCTGGTGTAGCGGTGAAATGCGCAGATATCAGGAGGAACACCGATGGCGAAGGCAGGTCTCTGGGCCATTACTGACGCTGAGAAGCGA
d__Bacteria,Bacteroidota,Bacteroidia,Bacteroidales,Prevotellaceae,Alloprevotella,NA,c30a5c508db156de64f8d7057248caee,TCCGGATTTATTGGGTTTAAAGGGAGCGTAGGCGGATTATTAAGTCAGTGGTGAAAGACGGTGGCTCAACCATCGTTAGCCATTGAAACTGGTAGTCTTGAGTGCAGACAGGGATGCTGGAACTCGTGGTGTAGCGGTGAAATGCTTAGATATCACGATGAACTCCGATCGCGAAGGCAGGTGTCCGGGCTGCAACTGACGCTGAGGCTCGA
d__Bacteria,Bacteroidota,Bacteroidia,Flavobacteriales,Flavobacteriaceae,NA,NA,45bed795131c6d2f6cec13bfd47ce3b9,TCCGGAATCATTGGGTTTAAAGGGTCCGTAGGTGGACCGTTAAGTCAGAGGTGAAATCCTGCAGCTCAACTGTAGAATTGCCTTTGATACTGGCGGTCTTGAATCATTGTGAAGTGGTTAGAATATGTAGTGTAGCGGTGAAATGCATAGATATTACATAGAATACCGATTGCGAAGGCAGATCACTAACAGTGCATTGACACTGATGGACGA
d__Bacteria,Actinobacteriota,Actinobacteria,Frankiales,Geodermatophilaceae,Blastococcus,NA,f05729f6da58e2ef46999d6227cb04f5,TCCGGAATTATTGGGCGTAAAGAGCTCGTAGGCGGTTTGTTGCGTCGGCTGTGAAATCCCGAGGCTCAACCTCGGGTCTGCAGTCGATACGAGCAAACTAGAGTGTTGCAGGGGAGACTGGAATTCCTGGTGTAGCGGTGAAATGCGCAGATATCAGGAGGAACACCGGTGGCGAAGGCGGGTCTCTGGGCAACAACTGACGCTGAGGAGCGA
d__Bacteria,Bacteroidota,Bacteroidia,Bacteroidales,Prevotellaceae,Prevotella,Prevotella_intermedia,8317df93cd8fc496fefdee928e487234,TCCGGATTTATTGGGTTTAAAGGGAGTGTAGGCGGTCTGTTAAGCGTGTTGTGAAATTTAGGTGCTCAACATCTACCTTGCAGCGCGAACTGGCGGACTTGAGTGCACGCAACGTATGCGGAATTCATGGTGTAGCGGTGAAATGCTTAGATATCATGACGAACTCCGATTGCGAAGGCAGCGTACGGGAGTGTTACTGACGCTTAAGCTCGA
d__Bacteria,Bacteroidota,Bacteroidia,Bacteroidales,Muribaculaceae,Muribaculaceae,uncultured_bacterium,bf63a0b09676df17a396c8373dd99d19,TCCGGATTTATTGGGTTTAAAGGGTGCGCAGGCGGGTGGTCAAGTCAGCGGTCAAATCACGGGGCTCAACCCCGTCCAGCCGTTGAAACTGGCCGTCTAGAGTGGGCGAGAAGTACGCGGAATGCGTGGTGTAGCGGTGAAATGCATAGATATCACGCAGAACTCCGATTGCGAAGGCAGCGTACCGGCGCCCTACTGACGCTCATGCACGA
d__Bacteria,Actinobacteriota,Actinobacteria,Micrococcales,Dermabacteraceae,Brachybacterium,NA,3f07d37415bf2b709e9521480c95ab6a,TCCGGAATTATTGGGCGTAAAGAGCTTGTAGGTGGCTTGTCGCGTCTGCCGTGAAAACCCGAGGCTCAACCTCGGGCGTGCGGTGGGTACGGGCAGGCTAGAGTGTGGTAGGGGAGACTGGAATTCCTGGTGTAGCGGTGAAATGCGCAGATATCAGGAAGAACACCGATGGCGAAGGCAGGTCTCTGGGCCATTACTGACACTGAGAAGCGA
d__Bacteria,Bacteroidota,Bacteroidia,Bacteroidales,Prevotellaceae,Prevotella,Prevotella_melaninogenica,b97ca150ed0692c2df5cea92f432e216,TCCGGATTTATTGGGTTTAAAGGGAGCGTAGGCTGGAGATTAAGTGTGTTGTGAAATGTAGACGCTCAACGTCTGAATTGCAGCGCATACTGGTTTCCTTGAGTACGCACAACGTTGGCGGAATTCGTCGTGTAGCGGTGAAATGCTTAGATATGACGAAGAACTCCGATTGCGAAGGCAGCTGACGGGAGCGCAACTGACGCTTAAGCTCGA
d__Bacteria,Actinobacteriota,Actinobacteria,Actinomycetales,Actinomycetaceae,Actinomyces,Schaalia_odontolytica,3ba0b53748d15732a532c6f9529e51e0,TCCGGAATTATTGGGCGTAAAGGGCTTGTAGGCGGTTGGTCGCGTCTGCCGTGAAATCCTCTGGCTTAACTGGGGGCGTGCGGTGGGTACGGGCTGACTTGAGTGCGGTAGGGGAGACTGGAACTCCTGGTGTAGCGGTGGAATGCGCAGATATCAGGAAGAACACCGGTGGCGAAGGCGGGTCTCTGGGCCGTTACTGACGCTGAGGAGCGA
d__Bacteria,Bacteroidota,Bacteroidia,Bacteroidales,Muribaculaceae,Muribaculaceae,uncultured_bacterium,a00e7b3d283d98bd686eafb4fb6fa6a0,TCCGGATTTATTGGGTTTAAAGGGTGCGCAGGCGGCCCGACAAGCCGGCGGTCAAATCGCGGGGCTCAACCCCGTCCAGCCGTCGGAACTGCCGGGCTAGAGTGGGCGAGAAGTGCGCGGAATGCGTGGTGTAGCGGTGAAATGCATAGGTATCACGCAGAACTCCGATTGCGAAGGCAGCGCACCGGCGCCCTACTGACGCTCAGGCACGA
d__Bacteria,Bacteroidota,Bacteroidia,Bacteroidales,Muribaculaceae,Muribaculaceae,uncultured_bacterium,5d863d659f677db88e014d7bd45c1cdc,TCCGGATTTATTGGGTTTAAAGGGTGCGCAGGCGGCCCGACAAGCCGGCGGTCAAATCGCGGGGCTCAACCCCGTCCAGCCGTCGGAACTGCCGGGCTAGAGTGGGCGAGAAGTGCGCGGAATGCGTGGTGTAGCGGTGAAATGCATAGACATCACGCAGAACTCCGATTGCGAAGGCAGCGCACCGGCGCCCTACTGACGCTCAGGCACGA
d__Bacteria,Actinobacteriota,Actinobacteria,Micrococcales,Intrasporangiaceae,NA,NA,73c66eba9e4a420da666a3694dd8f75e,TCCGGAATTATTGGGCGTAAAGAGCTTGTAGGCGGCTTGTCGCGTCTGCTGTGAAAGCCCGGGGCTTAACTCCGGGTCTGCAGTGGGTACGGGCAGGCTAGAGTGTGGTAGGGGAGACTGGAATTCCTGGTGTAGCGGTGGAATGCGCAGATATCAGGAGGAACACCGATGGCGAAGGCAGGTCTCTGGGCCATTACTGACGCTGAGAAGCGA
d__Bacteria,Bacteroidota,Bacteroidia,Bacteroidales,Prevotellaceae,Prevotella,NA,a11db6cecc5acb7cf39df6a6f163fb80,TCCGGATTTATTGGGTTTAAAGGGAGCGTAGGCCGGAGATTAAGCGTGTTGTGAAATGTAGACGCTCAACGTCTGCACTGCAGCGCGAACTGGTTTCCTTGAGTACGCACAAAGTGGGCGGAATTCGTGGTGTAGCGGTGAAATGCTTAGATATCACGAAGAACTCCGATTGCGAAGGCAGCTCACTGGAGCGCAACTGACGCTGAAGCTCGA
d__Bacteria,Actinobacteriota,Actinobacteria,Corynebacteriales,Corynebacteriaceae,Lawsonella,uncultured_bacterium,a533587ecb9ad7b00cce0863e1a96eb0,TCCGGAATTACTGGGCGTAAAGAGCTCGTAGGCGGTTTGTCACGTCGTCTGTGAAATCCTAGGGCTTAACCCTGGACGTGCAGGCGATACGGGCTGACTTGAGTACTACAGGGGAGACTGGAATTTCTGGTGTAGCGGTGGAATGCACAGATATCAGGAAGAACACCGATGGCGAAGGCAGGTCTCTGGGTAGTAACTGACGCTGAGGAGCGA
d__Bacteria,Actinobacteriota,Actinobacteria,Micrococcales,Bogoriellaceae,Georgenia,uncultured_bacterium,1f9e20e1f99f0147428798684094369a,TCCGGAATTATTGGGCGTAAAGAGCTCGTAGGCGGTTTGTCGCGTCTGCCGTGAAATCCTCTGGCTTAACTGGGGGCGTGCGGTGGGTACGGGCAGACTGGAGTGCGGTAGGGGAGACTGGAATTCCTGGTGTAGCGGTGGAATGCGCAGATATCAGGAGGAACACCGGTGGCGAAGGCGGGTCTCTGGGCCGTTACTGACGCTGAGGAGCGA
d__Bacteria,Bacteroidota,Bacteroidia,Bacteroidales,Bacteroidaceae,Bacteroides,Bacteroides_intestinalis,1938019d1106fbb6fed3448e16bfa6df,TCCGGATTTATTGGGTTTAAAGGGAGCGTAGGCGGATTATTAAGTCAGTTGTGAAAGTTTGCGGCTCAACCGTAAAATTGCAGTTGATACTGGTAGTCTTGAGTGCAGCAGAGGTAGGCGGAATTCGTGGTGTAGCGGTGAAATGCTTAGATATCACGAAGAACTCCGATTGCGAAGGCAGCTTACTGGACTGTAACTGACGCTGATGCTCGA
d__Bacteria,Bacteroidota,Bacteroidia,Bacteroidales,Tannerellaceae,NA,NA,94f2288b677536047d2235a62b0baf85,TCCGGATTTATTGGGTTTAAAGGGTGCGTAGGTGGTTAATTAAGTCAGCGGTGAAAGTTTGTGGCTCAACCATAAAATTGCCGTTCAAACTGGTTGACTTGAGTATATTTGAGGTAGGCGGAATGCGTGGTGTAGCGGTGAAATGCATAGATATCACGCAGAACTCCGATTGCGAAGGCAGCTTACTAAACTATAACTGACACTGAAGCACGA
d__Bacteria,Bacteroidota,Bacteroidia,Cytophagales,Hymenobacteraceae,Rufibacter,uncultured_bacterium,41db70dc3847765705bb6d38955cdf2c,TCCGGATTTATTGGGTTTAAAGGGTGCGTAGGCGGCCCATTAAGTCAGCGGTGAAAGCCCGGGGCTCAACCCCGGAACCGCCGTTGATACTGGTGGGCTTGAGTATGGACGAGGTTGGCGGAATTGAGGGTGTAGCGGTGAAATGCTTAGATACCCTCAAGAACACCGATTGCGTAGGCAGCTAACTAGGCCATAACTGACGCTGAGGCACGA
d__Bacteria,Actinobacteriota,Actinobacteria,Frankiales,Geodermatophilaceae,Blastococcus,NA,ba2fd2a9404dad1fe7afd2d79e7bda27,TCCGGAATTATTGGGCGTAAAGAGCTCGTAGGCGGTTTGTTGCGTCGGCTGTGAAAACCTGAGGCTCAACCTCAGGCCTGCAGTCGATACGAGCAAACTAGAGTGTTGCAGGGGAGACTGGAATTCCTGGTGTAGCGGTGAAATGCGCAGATATCAGGAGGAACACCGGTGGCGAAGGCGGGTCTCTGGGCAACAACTGACGCTGAGGAGCGA
d__Bacteria,Actinobacteriota,Actinobacteria,Micrococcales,Micrococcaceae,Glutamicibacter,NA,14e4facb153a8f7b77655ae52136e36a,TCCGGATTTATTGGGCGTAAAGAGCTCGTAGGCGGTTTGTCGCGTCTGCCGTGAAAGTCCGAGGCTCAACCTCGGATCTGCGGTGGGTACGGGCAGACTAGAGTGATGTAGGGGAGACTGGAATTCCTGGTGTAGCGGTGAAATGCGCAGATATCAGGAGGAACACCGATGGCGAAGGCAGGTATCTGGGCATTTACTGACGCTGAGGAGCGA
d__Bacteria,Bacteroidota,Bacteroidia,Flavobacteriales,Weeksellaceae,Ornithobacterium,NA,44b4c61ef00f121909fb9ce47082e91e,TCCGGATTTATTGGGTTTAAAGGGTCCGTAGGCGGGCTAATAAGTCAGTGGTGAAAGCCGGCAGCTTAACTGTCGAACTGCCATTGATACTGTTAGTCTTGAGTGAATTTGAAGTTGCCGGAATATGTAGTGTAGCGGTGAAATGCATAGATATTACATAGAACACCTATTGCGAAGGCAGGTAACTAAGATTTAACTGACGCTGATGGACGA
d__Bacteria,Bacteroidota,Bacteroidia,Cytophagales,Spirosomaceae,Persicitalea,Cytophagaceae_bacterium,2325777f1d6f1957198f3f7c64a8adbe,TCCGGATTTATTGGGTTTAAAGGGTGCGTAGGCTGGAAGGTCAGTCAGCGGTGAAACGCTATCGCTCAACGATAGTCCTGCCGCAGATACTTCCTTTCTTGGATTAGGAGGAGGTCACCGGAATAGATGGTATAGCGGTGAAATGCATAGATATCATCTAGAACGCCAATTGCGAAGGCAGGTGACTGTACCTATATCGACGCTGATGCACGA
d__Bacteria,Actinobacteriota,Actinobacteria,Propionibacteriales,Nocardioidaceae,NA,NA,fbcd05e846cfcf85d0831576a58bb4fd,TCCGGAATTATTGGGCGTAAAGGGCTAGTAGGCGGTTTGTCGCGTCGGGAGTGAAAACTCAGGGCTTAACCCTGAGCCTGCTTCCGATACGGGCAGACTAGAGGTATGCAGGGGAGAACGGAATTCCTGGTGTAGCGGTGAAATGCGCAGATATCAGGAGGAACACCGGTGGCGAAGGCGGTTCTCTGGGCATTACCTGACGCTGAGGAGCGA
d__Bacteria,Actinobacteriota,Actinobacteria,Micrococcales,uncultured,uncultured,uncultured_bacterium,66f2e3ff202701d286eb4d564cefbd0d,TCCGGAATTATTGGGCGTAAAGAGCTCGTAGGCGGTTTGTCACGTCTGCTGTGAAAACCCGAGGCTCAACCTCGGGCTTGCAGTGGGTACGGGCAGACTAGAGTGCGGTAGGGGAGACTGGAATTCCTGGTGTAGCGGTAAAATGCACAGATATCAGGAGGAACACCGATGGCGAAGGCAGGTCTCTGGGCCGCAACTGACGCTGAGGAGCGA
d__Bacteria,Bacteroidota,Bacteroidia,Bacteroidales,Muribaculaceae,Muribaculaceae,uncultured_bacterium,4f25a280d6bb52c097a7f8af2ad5e660,TCCGGATTTATTGGGTTTAAAGGGTGCGCAGGCGGCCCGACAAGCCGGCGGTCAAATCGCGGGGCTCAACCCCGTCCAGCCGTCGGAACTGCCGGGCTAGAGTGGGCGAGAAGTGCGCGGAATGCGTGGTGTAGCGGCGAAATGCATAGATATCACGCAGAACTCCGATTGCGAAGGCAGCGCACCGGCGCCCTACTGACGCTCAGGCACGA
d__Bacteria,Actinobacteriota,Actinobacteria,Micrococcales,Dermabacteraceae,Brachybacterium,NA,0736495995becd611d048e43554aa5b2,TCCGGAATTATTGGGCGTAAAGAGCTCGTAGGTGGCTTGTCGCGTCTGCCGTGAAAACCCGAGGCTCAACCTCGGGCGTGCGGTGGGTACGGGCAGGCTAGAGTGTGGTAGGGGAGACTGGAACTCCTGGTGTAGCGGTGAAATGCGCAGATATCAGGAAGAACACCGATGGCGAAGGCAGGTTTCTGGGCCATTACTGACACTGAGTAGCGA
d__Bacteria,Bacteroidota,Bacteroidia,Bacteroidales,Muribaculaceae,Muribaculaceae,uncultured_Bacteroidales,36b84ba6284c2f5b68ea823201c08981,TCCGGATTTATTGGGTTTAAAGGGTGCGTAGGCGGACTGTCAAGTCAGCGGTAAAATACGGGGGCTCAACCTCCGCCCGCCGTTGAAACTGACGGTCTTGAGTGGGCGAGAAGTATGCGGAATGCGTGGTGTAGCGGTGAAATGCATAGATATCACGCAGAACTCCGATTGCGAAGGCAGCATACCGGCGCCCAACCGACGCTGAAGCACGA
d__Bacteria,Actinobacteriota,Actinobacteria,Micrococcales,Brevibacteriaceae,Brevibacterium,NA,7d4d38bfcd743ee015dd534dcd861269,TCCGGAATTATTGGGCGTAAAGAGCTCGTAGGTGGTTGGTCACGTCTGCTGTGGAAACGCAACGCTTAACGTTGCGCGTGCAGTGGGTACGGGCTGACTAGAGTGCAGTAGGGGAGTCTGGAATTCCTGGTGTAGCGGTGAAATGCGCAGATATCAGGAGGAACACCGGTGGCGAAGGCGGGACTCTGGGCTGTAACTGACACTGAGGAGCGA
d__Bacteria,Bacteroidota,Bacteroidia,Bacteroidales,Tannerellaceae,NA,NA,0725fc19fb0cc651a98392148d4fefa2,TCCGGATTTATTGGGTTTAAAGGGTGCGTAGGTGGTTAATTAAGTCAGCGGTGAAAGTTTGTGGCTCAACCATAAAATTGCCGTTGAAACTGGTTGACTTGAGTATATTTGAGGTAGGCGGAATGCATGGTGTAGCGGTGAAATGCATAGATATCACGCAGAACTCCGATTGCGAAGGCAGCTTACTAAACTATAACTGACACTGAAGCACGA
d__Bacteria,Bacteroidota,Bacteroidia,Flavobacteriales,Flavobacteriaceae,Antarcticibacterium,uncultured_bacterium,eb7240f9247b2d32a2ea4665f6da7ea0,TCCGGAATCATTGGGTTTAAAGGGTCCGTAGGCGGGACAATAAGTCAGCGGTGAAAGTCTGTGGCTCAACCATAGAATTGCCATTGATACTGTTGTTCTTGAGTGTTTATGAAGTGGTTAGAATATGTAGTGTAGCGGTGAAATGCTTAGATATTACATGGAATACCGATTGCGAAGGCAGATCACTAATAAAATACTGACGCTGATGGACGA
d__Bacteria,Bacteroidota,Bacteroidia,Bacteroidales,Muribaculaceae,Muribaculaceae,uncultured_bacterium,5d7059b08113940edb6bb2a59774bfc1,TCCGGATTTATTGGGTTTAAAGGGTGCGCAGGCGGATGGTCAAGTCAGCGGTCAGATCACGGGGCTCAACCCCGTCCAGCCGTTGAAACTGGCCGTCTAGAGTGGGCGAGAAGTACGCGGAATGCGTGGTGTAGCGGTGAAATGCATAGATATCACGCAGAACTCCGATTGCGAAGGCAGCGTACCGGCGCCCTACTGACGCTCATGCACGA
d__Bacteria,Actinobacteriota,Actinobacteria,Corynebacteriales,Corynebacteriaceae,Corynebacterium,NA,6dce63e8482726d32064eafd633fbf20,TCCGGAATTACTGGGCGTAAAGAGCTCGTAGGTGGTTTGTCGCGTCGTGTGTGAAATTCCGGGGCTTAACTTCGGGGTTGCATACGATACGGGCATAACTTGAGTGCTGTAGGGGAGACTGGAATTCCTGGTGTAGCGGTGAAATGCGCAGATATCAGGAGGAACACCGATGGCGAAGGCAGGTCTCTGGGCAGTAACTGACGCTGAGGAGCGA
d__Bacteria,Actinobacteriota,Actinobacteria,Micrococcales,Dermabacteraceae,Brachybacterium,NA,14dd6a4eb82cd96a273814ff5df038f2,TCCGGAATTATTGGGCGTAAAGAGCTTGTAGGTGGCTTGTCGCGTCTGCCGTGAAAACCCGAGGCTCAACCTCGGGCGTGCGGTGGGTACGGGCAGGCTAGAGTGTGGTAGGGGAGACTGGAACTCCTGGTGTAGCGGTGATATGCGCAGATATCAGGAAGAACACCGATGGCGAAGGCAGGTCTCTGGGCCATTACTGACACTGAGAAGCGA
d__Bacteria,Actinobacteriota,Actinobacteria,Corynebacteriales,Mycobacteriaceae,Mycobacterium,NA,98955267b74d60682b211298f9c85564,TCCGGAATTACTGGGCGTAAAGAGCTCGTAGGTGGTTTGTCGCGTTGTTCGTGAAAACTCACAGCTTAACTGTGGGCGTGCGGGCGATACGGGCAGACTAGAGTACTGCAGGGGAGACTGGAATTCCTGGTGTAGCGGTGGAATGCGCAGATATCAGGAGGAACACCGGTGGCGAAGGCGGGTCTCTGGGCAGTAACTGACGCTGAGGAGCGA
d__Bacteria,Bacteroidota,Bacteroidia,Bacteroidales,Muribaculaceae,Muribaculaceae,uncultured_bacterium,8ddc2e926268be03f66fe89a8ba1a03d,TCCGGATTTATTGGGTTTGAAGGGTGCGCAGGCGGCCCGACAAGCCGGCGGTCAAATCGCGGGGCTCAACCCCGTCCAGCCGTCGGAACTGCCGGGCTAGAGTGGGCGAGAAGTGCGCGGAATGCGTGGTGTAGCGGTGAAATGCATAGATATCACGCAGAACTCCGATTGCGAAGGCAGCGCACCGGCGCCCTACTGACGCTCAGGCACGA
d__Bacteria,Bacteroidota,Rhodothermia,Balneolales,Balneolaceae,Aliifodinibius,uncultured_bacterium,b363e11c64c8164298f73e49c07da438,TCCGGAATTATTGGGTGTAAAGGGTGTGCAGGCGGAAGTCTAAGTCGGAGGTGAAATCTTGCCGCTTAACGGTAAAAGGGCCTTCGATACTGGATTTCTTGAGTTCGGAAGAGGTTGGTGGAATTCGTGGTGTAGCGGTGAAATGCATAGATATCACGAAGAACACCAGTGGCGAAGGCGGCCAACTGGTCCGACACTGACGCTGAGACACGA
d__Bacteria,Bacteroidota,Bacteroidia,Bacteroidales,Muribaculaceae,Muribaculaceae,uncultured_bacterium,18257529d6bbfa64a368fe32c32c2256,TCCGGATTTATTGGGTTTAAAGGGTGCGCAGGCGGCCCGACGAGCCGGCGGTCAAATCGCGGGGCTCAACCCCGTCCAGCCGTCGGAACTGCCGGGCTAGAGTGGGCGAGAAGTGCGCGGAATGCGTGGTGTAGCGGTGAAATGCATAGATATCACGCAGAACTCCGATTGCGAAGGCAGCGCACCGGCGCCCTACTGACGCTCAGGCACGA
d__Bacteria,Bacteroidota,Bacteroidia,Bacteroidales,Muribaculaceae,Muribaculaceae,uncultured_Bacteroidales,4b1bec5a203ca4d905d71d17b451fb82,TCCGGATTTATTGGGTTTAAAGGGTGCGTAGGCGGACTGTCAAGTCAGCGGTAAAATACGGGGGCTCAACCTCCGCCCGCCGTTGAAACTGACGGTCTTGAGTGGGCGAGAAGTATGCGGAATGCGTGGTGTAGCGGTGAAATGCATAGATATCACGCAGGACTCCGATTGCGAAGGCAGCATACCGGCGCCCAACTGACGCTGAAGCACGA
d__Bacteria,Bacteroidota,Bacteroidia,Bacteroidales,Tannerellaceae,NA,NA,81fb7dd40d785c717f7d4500597b6d5c,TCCGGATTTATTGGGTTTAAAGGGTGCGTAGGTGGTTAATTAAGTCAGCGGTGAAAGTTTGTGGCTCAACCATAAAATTGTCGTTGAAACTGGTTGACTTGAGTATATTTGAGGTAGGCGGAATGCGTGGTGTAGCGGTGAAATGCATAGATATCACGCAGAACTCCGATTGCGAAGGCAGCTTACTAAACTATAACTGACACTGAAGCACGA
d__Bacteria,Bacteroidota,Bacteroidia,Flavobacteriales,Flavobacteriaceae,Flavobacterium,NA,160308b95335d4cbda2de8bf26f8f6e8,TCCGGAATCATTGGGTTTAAAGGGTCCGTAGGCGGCCTTATAAGTCAGTGGTGAAATCTCCCAGCTCAACTGGGAAGCTGCCATTGATACTGTAGGGCTTGAATTATTAGGAAGTAACTAGAATATGTAGTGTAGCGGTGAAATGCTTAGATATTACATGGAATACCAATTGCGAAGGCAGGTTACTACTAATGGATTGACGCTGATGGACGA
d__Bacteria,Bacteroidota,Bacteroidia,Flavobacteriales,Flavobacteriaceae,Flavobacterium,NA,4da37fefe619304d5ee1c615f1b9ae92,TCCGGAATCATTGGGTTTAAAGGGTCCGTAGGCGGTCTTATAAGTCAGTGGTGAAAGCCCATCGCTCAACGATGGAACTGCCATTGATACTGTAAGACTTGAATGCTTAGGAAGTAACTAGAATATGTAGTGTAGCGGTGAAATGCTTAGATATTACATGGAATACCAATTGCGAAGGCAGGTTACTACTAAGTGATTGACGCTGATGGACGA
d__Bacteria,Actinobacteriota,Actinobacteria,Streptomycetales,Streptomycetaceae,Streptomyces,NA,0de052d46a671b45c908d135c098e377,TCCGGAATTATTGGGCGTAAAGAGCTCGTAGGCGGCCTGTCACGTCGGATGTGAAAGCCCGGGGCTTAACCCCGGGTCTGCATTCGATACGGGCAGGCTAGAGTTCGGTAGGGGAGATCGGAATTCCTGGTGTAGCGGTGAAATGCGCAGATATCAGGAGGAACACCGGTGGCGAAGGCGGATCTCTGGGCCGATACTGACGCTGAGGAGCGA
d__Bacteria,Bacteroidota,Bacteroidia,Flavobacteriales,Flavobacteriaceae,NA,NA,9a249a59afe3063471cd4690c1982e9d,TCCGGAATCATTGGGTTTAAAGGGTCCGTAGGTGGATGATTAAGTCAGAGGTGAAATCCTGCGGCTCAACCGTAGAATTGCCTTTGATACTGGTCATCTTGAGTCGTCGTGAAGCAGTTAGAATATGTAGTGTAGCGGTGAAATGCATAGATATTACATAGAATACCGATTGCGAAGGCAGATTGCTAACGACGTACTGACACTGATGGACGA
d__Bacteria,Bacteroidota,Bacteroidia,Bacteroidales,Tannerellaceae,NA,NA,2249994067373c87b74bffad2ccec548,TCCGGATTTATTGGGTTTAAAGGGTGCGTAGGTGGTTAATTAAGTCAGCGGTGAAAGTTTGTGGCTCAACCATAAAATTGCCGTTGAAACTGGTTGACTTGAGTATATTTGAGGTAGGCGGAATGCGTGGTGTAGCGGTGAAATGCATAGATATCACGCAGAACTCCGATTGCGAAGGCAGCTTAATAAACTATAACTGACACTGAAGCACGA
d__Bacteria,Bacteroidota,Bacteroidia,Bacteroidales,Tannerellaceae,NA,NA,1de6bd875797d8ff4627a6b923b7774a,TCCGGATTTATTGGGTTTAAAGGGTGCGTAGGTGGTTAATTAAGTCAGCGGTGAAAGTTTGTGGCTCAACCATAAAATTGCCGTTGAAACTGGTTGACTTGAGTATATTTGAGGTAGGCGGAATGCGTGGTGTAGCGGTGAAATGCATAGGTATCACGCAGAACTCCGATTGCGAAGGCAGCTTACTAAACTATAACTGACACTGAAGCACGA
d__Bacteria,Actinobacteriota,Actinobacteria,Micrococcales,Jonesiaceae,Jonesia,Jonesia_denitrificans,68f22dc59d5b8e27d5cc8a227007f08c,TCCGGAATTATTGGGCGTAAAGAGCTCGTAGGCGGTTTGTCGCGTCTGCCGTGAAATCCCGATGCTTAACGTCGGGCTTGCGGTGGGTACGGGCAGGCTGGAGTGCGGTAGGGGTGACTGGAATTCCTGGTGTAGCGGTGGAATGCGCAGATATCAGGAGGAACACCGATGGCGAAGGCAGGTCACTGGGCCGTTACTGACGCTGAGGAGCGA
d__Bacteria,Actinobacteriota,Actinobacteria,Corynebacteriales,Corynebacteriaceae,Corynebacterium,NA,6290df4e3c7fb434c5e7be5f8d4353f8,TCAGGAATTACTGGGCGTAAAGAGCTCGTAGGTGGTTTGTCGCGTCGTCTGTGAAATTCCGGGGCTTAACTCCGGGCGTGCAGGCGATACGGGCATAACTTGAGTACTGTAGGGGAGACTGGAATTCCTGGTGTAGCGGTGAAATGCGCAGATATCAGGAGGAACACCGGTGGCGAAGGCGGGTCTCTGGGCAGTAACTGACGCTGAGGAGCGA
d__Bacteria,Verrucomicrobiota,Verrucomicrobiae,LD1-PB3,LD1-PB3,LD1-PB3,NA,d722bd893d6edc4f00f20ffc222a7de7,TTCGGATTTACTGGGCGTAAAGGGAGCGTAGGCGGTTCGGTATGTCGAATGTGAAAGCCCACAACTCAACTGTGGAAATGCATTCGAAACTGCCGGGCTAGAGTACTGGAGAGGAGAGCGGAATTCTTGGTGTAGCGGTGAAATGCGTAGATATCAAGAGGAACACCGGTGGCGAAGGCGGCTCTCTGGACAGATACTGACGCTGAGGCTCTA
d__Bacteria,Actinobacteriota,Actinobacteria,Micrococcales,Intrasporangiaceae,NA,NA,773e939ec7e1e261aa5ca5e74d60de10,TCCGGAATTATTGGGCGTAAAGAGCTTGTAGGCGGTTTGTCGCATCTGCTGTGAAAGCCCAGGGCTTAACCCCGGGTCTACAGTGGGTACGGGCAGGCTAGAGTGTGGTAGGGGAGACTGGAATTCCTGGTGTAGCGGTGGAATGCGCAGATATCAGGAGGAACACCGATGGCGAAGGCAGGTCTCTGGGCCACTACTGACGCTGAGAAGCGA
d__Bacteria,Actinobacteriota,Actinobacteria,Micrococcales,Dermabacteraceae,Brachybacterium,NA,0ca4dbc37d8ed41796dde4b0196d3bf7,TCCGGAATTATTGGGCGTAAAGAGCTTGTAGGTGGCTTGTCGCGTCTGCCGTGAAAACCCGAGGCTCAACCTCGGGCGTGCGGTGGGTACGGGCAGGCTAGAGTGTGGTAGGGGAGACTGGAACTCCTGGTGTAGCGGTGAAATGCGCAGATATCAGGAAGAACACCGATGGTGAAGGCAGGTCTCTGGGCCATTACTGACACTGAGAAGCGA
d__Bacteria,Bacteroidota,Bacteroidia,Flavobacteriales,Flavobacteriaceae,Flavobacterium,Flavobacterium_ummariense,c3eb0922981509841ff97cdc4fe65dbc,TCCGGAATCATTGGGTTTAAAGGGTCCGTAGGCGGCTATATAAGTCAGCGGTGAAAGTTTTTGGCTTAACCAAAAAATTGCCGTTGATACTGTATGGCTTGAATATTTGTGAAGTAACTAGAATATGTAGTGTAGCGGTGAAATGCTTAGATATTACATGGAATACCAATTGCGCAGGCAGGTTACTAACAAATGATTGACGCTGATGGACGA
d__Bacteria,Actinobacteriota,Coriobacteriia,Coriobacteriales,Eggerthellaceae,Enterorhabdus,uncultured_bacterium,4fbef7bfdba0cf8283075ee77efb96f7,TCCGGATTCATTGGGCGTAAAGCGCGCGTAGGCGGCCCGCTAAGCGGGACCTCTAACCTGGGGGCTCAACCTCCAGCCGGGTCCCGAACTGGCGAGCTCGAGTGCGGTAGGGGCAGGCGGAATTCCCGGTGTAGCGGTGGAATGCGCAGATATCGGGAAGAACACCGATGGCGAAGGCAGCCTGCTGGGCCGACACTGACGCTGAGGCGCGA
d__Bacteria,Actinobacteriota,Actinobacteria,Micrococcales,Cellulomonadaceae,NA,NA,6170fac5cdb4538860323bf0cb40d6c5,TCCGGAATTATTGGGCGTAAAGAGCTCGTAGGCGGTTTGTCGCGTCTGCTGTGAAAACCCGAGGCTCAACCTCGGGCCTGCAGTGGGTACGGGCAGACTAGAGTGCGGTAGGAGAGACTGGAATTCCTGGTGTAGCGGTGGAATGCGCAGATATCAGGAGGAACACCGATGGCGAAGGCAGGTCTCTGGGCCGCAACTGACGCTGAGGAGCGA
d__Bacteria,Actinobacteriota,Actinobacteria,Corynebacteriales,Corynebacteriaceae,Corynebacterium,NA,cd2587bf3a2695c7e96bbf29fe5d106d,TCCGGAATTACTGGGCGTAAAGAGCTCGTAGGTGGTTTGTCGCGTCGTTTGTGTAAGTCCACGGCTTAACTGTGGGATGGCAGGCGATACGGGCATAACTTGAGTGCTGTAGGGGAGACTGGAATTCCTGGTGTAGCGGTGAAATGCGCAGATATCAGGAGGAACACCGATGGCGAAGGCAGGTCTCTGGGCAGTAACTGACGCTGAGGAGCGA
d__Bacteria,Actinobacteriota,Actinobacteria,Corynebacteriales,Corynebacteriaceae,Corynebacterium,NA,00fe36c1145356e0ab2f074d9feb7692,TCCGGAATTACTGGGCGTAAAGAGCTCGTAGGTGGTTTGTCGCGTCGTCTGTGAAATCCCGGGGCTTAACTTCGGGCGTGCAGGCGATACGGGCATAACTTGAGTGCTGTAGGGGAGACTGGAATTCCTGGTGTAGCGGTGAAATGCGCAGATATCAGGAGGAACACCGATGGCGAAGGCAGGTCTCTGGGCAGTAACTGACGCTGAGGAGCGA
d__Bacteria,Bacteroidota,Bacteroidia,Chitinophagales,uncultured,uncultured,NA,ecf0ef6d02944e13f8ad7ec088710b71,TCCGGATTCACTGGGTTTAAAGGGTGCGTAGGCGGGTTTTTAAGTCAGTGGTGAAAGCCTCGAGCTCAACTCGAGAACTGCCATTGAAACTGGAAACCTTGAGTATAGTTGAGGTGGGCGGAATGTGTCATGTAGCGGTGAAATGCTCAGATATGACATAGAACACCTATTGCGAAGGCAGCTCACTAAACTATCACTGACGCTGAGGCACGA
d__Bacteria,Bacteroidota,Bacteroidia,Bacteroidales,Tannerellaceae,NA,NA,1ab86766a48a8c7dc7ea7907e18ff368,TCCGGATTTATTGGGTTTAAAGGGTGCGTAGGTGGTTAATTAAGTCAGCGGTGGAAGTTTGTGGCTCAACCATAAAATTGCCGTTGAAACTGGTTGACTTGAGTATATTTGAGGTAGGCGGAATGCGTGGTGTAGCGGTGAAATGCATAGATATCACGCAGAACTCCGATTGCGAAGGCAGCTTACTAAACTATAACTGACACTGAAGCACGA
d__Bacteria,Actinobacteriota,Acidimicrobiia,Microtrichales,Iamiaceae,Iamia,NA,bd8ce1e18328353996f7a4e005d259d2,TCCGGATTCATTGGGCGTAAAGAGCTCGTAGGCGGCTCGGTAAGTCGGGTGTGAAACCTCTGGGCTCAACCCAGAGACGCCACCCGATACTGCCATGGCTAGAGTCCAGCAGGGGAGCGTGGAATTCCCGGTGTAGCGGTGAAATGCGCAGATATCGGGAGGAACACCAGCGGCGAAGGCGGCGCTCTGGGCTGGAACTGACGCTGAGGAGCGA
d__Bacteria,Bacteroidota,Bacteroidia,Sphingobacteriales,NA,NA,NA,d1204e1613fbc0dc55f2d92e29a76aca,TCCGGATTCATTGGGTTTAAAGGGTGCGTAGGCGGAATAGTAAGTTAGTGGTGAAAGCCTGCAGCTCAACTGCAGAATTGCCATTAATACTGCTAATCTAGAGTGTGTTTGAAGTGGGCGGAATATGACATGTAGCGGTGAAATGCATAGATATGTCATAGAACACCAATTGCGAAGGCAGCTCACTAAGCCATAACTGACGCTGAGGCACGA
d__Bacteria,Bacteroidota,Bacteroidia,Flavobacteriales,Flavobacteriaceae,Flavobacterium,NA,674c486b0a7c79d87132aa6dd0475e6a,TCCGGAATCATTGGGTTTAAAGGGTCCGTAGGCGGCCTTATAAGTCAGTGGTGAAATCTCCCAGCTCAACTGGGAAACTGCCATTGATACTGTAGGGCTTGAATTATTAGGAAGTAACTAGAATATGTAGTGTAGCGGTGAAGTGCTTAGATATTACATGGAATACCAATTGCGAAGGCAGGTTACTACTAATGGATTGACGCTGATGGACGA
d__Bacteria,Verrucomicrobiota,Verrucomicrobiae,Verrucomicrobiales,Akkermansiaceae,Akkermansia,NA,68d43d3c88ac0c0637f159c08c4e3870,TTCGGAATCACTGGGCGTAAAGCGTGCGTAGGCTGTTTCGTAAGTCGTGTGTGAAAGGCGCGGGCTCAACCCGCGGACGGCACATGATACTGCGAGACTAGAGTAATGGAGGGGGAACCGGAATTCTCGGTGTAGCAGTGAAATGCGTAGGTATCGAGAGGAACACTCGTGGCGAAGGCGGGTTCCTGGACATTAACTGACGCTGAGGCACGA
d__Bacteria,Bacteroidota,Bacteroidia,Bacteroidales,Dysgonomonadaceae,NA,NA,b75664d8cc3daac3c8913076214910d2,TCCGGATTTATTGGGTTTAAAGGGTGCGCAGGCGGGAGATTAAGTCGGCGGTGAAATTTTGCAGCTCAACTGTAAAAGTGCCTTCGAAACTGGTTTCCTTGAGTGTAGATGAAGTAGGCGGAATTTGTGGTGTAGCGGTGAAATGCATAGATATCACGAGGAACTCCGATTGCGCAGGCAGCTTACTAAACTACTACTGACGCTCAGGCACGA
d__Bacteria,Actinobacteriota,Actinobacteria,Micrococcales,Micrococcaceae,Glutamicibacter,uncultured_bacterium,b3a82be0350be8c0a97b528bf79a2126,TCCGGATTTATTGGGCGTAAAGAGCTCGTAGGCGGTTTGTCGCGTCTGCCGTGAAAGACCAGGGCTCAACCCTGGTTCTGCGGTGGGTACGGGCAGACTAGAGTGATGTAGGGGAGACTGGAATTCCTGGTGTAGCGGTGAAATGCGCAGATATCAGGAGGAACACCGATGGCGAAGGCAGGTCTCTGGGCATTTACTGACGCTGAGGAGCGA
d__Bacteria,Bacteroidota,Bacteroidia,Flavobacteriales,Flavobacteriaceae,Flavobacterium,NA,a23c33b9f0a1447d204f5ca22442f1dc,TCCGGAATCATTGGGTTTAAAGGGTCCGTAGGCGGTCTTATAAGTCAGTGGTGAAATCTCCTAGCTCAACTAGGAAACTGCCATTGATACTGTAGGACTTGAATTTTTGTGAAGTAACTAGAATATGTAGTGTAGCGGTGAAATGCTTAGATATTACATGGAATACCAATTGCGAAGGCAGGTTACTAACAAACGATTGACGCTGATGGACGA
d__Bacteria,Actinobacteriota,Actinobacteria,Streptomycetales,Streptomycetaceae,Streptomyces,NA,4a0a8206f9b33841bf3cf7ce29ff6feb,TCCGGAATTATTGGGCGTAAAGAGCTCGTAGGCGGCTTGTCACGTCGGATGTGAAAGCCCGGGGCTTAACCCCGGGTCTGCATTCGATACGGGCAGGCTAGAGTTCGGTAGGGGAGATCGGAATTCCTGGTGTAGCAGTGAAATGCGCAGATATCAGGAGGAACACCGGTGGCGAAGGCGGATCTCTGGGCCGATACTGACGCTGAGGAGCGA
d__Bacteria,Bacteroidota,Bacteroidia,Chitinophagales,Saprospiraceae,Membranicola,NA,920f457d67911f90ed08675f7ece3c2d,TCCGGAATCACTGGGTTTAAAGGGTGCGTAGGCGGTTATGTAAGTCAGAGGTGAAAGGTCACAGCTTAACTGTGAGATGGCCTTTGAAACTGTGTAACTTGAATCAGATAGAGGTTAGTGGAATGCGACATGTAGCGGTGAAATGCATAGATATGTCGTGGAATACCGATTGCGAAGGCAGCTAACTGGGTCTTGATTGACGCTGAGGCACGA
d__Bacteria,Actinobacteriota,Actinobacteria,Propionibacteriales,Nocardioidaceae,Nocardioides,NA,af8d31dc0b17088c0f25efaac3eeee0f,TCCGGAATTATTGGGCGTAAAGGGCTCGTAGGCGGTTTGTCGCGTCGGGAGTGAAAACTCAGGGCTTAACTCTGAGCTTGCTTCCGATACGGGCAGACTAGAGGTATGCAGGGGAGAACGGAATTCCTGGTGTAGCGGTGAAATGCGCAGATATCAGGAGGAACACCGGTGGCAAAGGCGGTTCTCCGGGCATTACCTGACGCTGAGGAGCGA
d__Bacteria,Actinobacteriota,Actinobacteria,Micrococcales,Micrococcaceae,NA,NA,b651c2b9130b5bf0be952ea8079ea265,TCCGGAATTATTGGGCGTAAAGAGCTCGTAGGCGGTTTGTCGCGTCTGCCGTGAAAGTCCGGGGCTTAACCCCGGATCTGCGGTGGGTACGGGCAGACTAGAGTGCAGTAGGGGAGACTGGAATTCCTGGTGTAGCGGTGAAATGCGCAGATATCAGGAGGAACACCGATGGCGAAGGCAGGTCTCTGGGCTGTAACTGACGCTGAGGAGCGA
d__Bacteria,Bacteroidota,Bacteroidia,Bacteroidales,Porphyromonadaceae,Porphyromonas,NA,f0803490e278ef4aa77b2c991f88c694,TCCGGATTTATTGGGTTTAAAGGGTGCGTAGGCGGCCTGTTAAGTCAGCGGTGAAATCTAGGAGCTTAACTCCTAAATTGCCATTGATACTGGCGGGCTTGAGTGTAGATGAGGTAGGCGGAATGCGTGGTGTAGCGGTGGAATGCATAGATATCACGCAGAACTCCAATTGCGAAGGCAGCTTACTAAGGTACAACTGACGCTGAAGCACGA
d__Bacteria,Bacteroidota,Bacteroidia,Flavobacteriales,Flavobacteriaceae,Flavobacterium,Flavobacterium_sasangense,c8d8ad7a2e192f542c210a0c38e5327b,TCCGGAATCATTGGGTTTAAAGGGTCCGTAGGCGGTCTTATAAGTCAGTGGTGAAAGCCCATCGCTCAACGATGGAACTGCCATTGATACTGTAGGACTTGAATGCTTAGGAAGTAACTAGAATATGTAGTGTAGCGGTGAGATGCTTAGATATTACATGGAATACCAATTGCGAAGGCAGGTTACTACTAAGTGATTGACGCTGATGGACGA
d__Bacteria,Actinobacteriota,Actinobacteria,Micrococcales,Demequinaceae,uncultured,uncultured_bacterium,02f559836cc1d5eb1c3a19f917f820f0,TCCGGAATTATTGGGCGTAAAGAGCTCGTAGGCGGTTTGTCGCGTCTGCTGTGAAATCCCAACGCTTAACGTTGGGCGTGCAGTGGGTACGGGCAGACTAGAGTGCGGTAGGGGTGACTGGAATTCCTGGTGTAGCGGTGGAATGCGCAGATATCAGGAGGAACACCGATGGCGAAGGCAGGTCACTGGGCCGCAACTGACGCTGAGGAGCGA
d__Bacteria,Actinobacteriota,Actinobacteria,Frankiales,Geodermatophilaceae,Blastococcus,NA,82992226f7060e470fb02936321dc7ec,TCCGGAATTATTGGGCGTAAAGAGCTCGTAGGCGGTTTGTTGCGTCGGCTGTGAAAACCTGAGGCTCAACCTCAGGCCTGCAGTCGATACGAGCAAGCTAGAGTGTTGCAGGGGAGACTGGAATTCCTGGTGTAGCGGTGAAATGCGCAGATATCAGGAGGAACACCGGTGGCGAAGGCGGGTCTCTGGGCAACAACTGACGCTGAGGAGCGA
d__Bacteria,Bacteroidota,Bacteroidia,Flavobacteriales,Flavobacteriaceae,Flavobacterium,NA,68a1bf9b95568152f5ecb262e639d7e2,TCCGGAATCATTGGGTTTAAAGGGTCCGTAGGCGGCCACATAAGTCAGCGGTGAAAGTTTTTGGCTTAACCAAAAAATTGCCGTTGATACTGTATGGCTTGAATATTTGTGAAGTAACTAGAATATGTAGTGTAGCGGTGAAATGCTTAGATATTACATGGAATACCAATTGCGCAGGCAGGTTACTAACAAATGATTGACGCTGATGGACTA
d__Bacteria,Bacteroidota,Bacteroidia,Bacteroidales,Prolixibacteraceae,Draconibacterium,NA,246674f210d0e54941c906d77bd09959,TCCGGATTCATTGGGTTTAAAGGGTGCGCAGGTGGGCTTGTAAGTCAGTGGTGAAATGCTGCCGCTTAACGGTAGAACTGCCATTGATACTGCAAGTCTTGAATATGGTTGAGGTAGGCGGAATGTGTTGTGTAGCGGTGAAATGCATAGATATGACACAGAACGCCGATTGCGAAGGCAGCTTACTAAACCATTATTGACACTGAGGCACGA
d__Bacteria,Actinobacteriota,Actinobacteria,Corynebacteriales,Dietziaceae,Dietzia,NA,478b0233d537f3ab8a3d10975d2a22e5,TCCGGAATTACTGGGCGTAAAGAGCTCGTAGGCGGTTTGTCGCGTCGTCTGTGAAATCCTCCAGCTTAACTGGGGGCGTGCAGGCGATACGGGCAGACTTGAGTACTACAGGGGAGACTGGAATTCCTGGTGTAGCGGTGAAATGCGCAGATATCAGGAGGAACACCGGTGGCGAAGGCGGGTCTCTGGGTAGTAACTGACGCTGAGGAGCGA
d__Bacteria,Actinobacteriota,Actinobacteria,Corynebacteriales,Corynebacteriaceae,Corynebacterium,NA,c96fbb1133e6884e0d52826fe0180658,TCCGGAATTACTGGGCGTAAAGAGCTCGTAGGTGGTTTGCCGCGTCGTCTGTGAAATTCCGGGGCTTAACTCCGGGCGTGCAGGCGATACGGGCATAACTTGAGTACTGTAGGGGAGACTGGAATTCCTGGTGTAGCGGTGAAATGCGCAGATATCAGGAGGAACACCGGTGGCGAAGGCGGGTCTCTGGGCAGTAACTGACGCTGAGGAGCGA
d__Bacteria,Actinobacteriota,Actinobacteria,Micrococcales,Micrococcaceae,Glutamicibacter,NA,7559a1210c34ec6d3105828ca8c20c96,TCCGGATTTATTGGGCGTAAAGAGCTCGTAGGCGGTTTGTCGCGTCTGCCGTGAAAGTCCGAGGCTCAACCTCGGATCTGCAGTGGGTACGGGCAGACTAGAGTGATGTAGGGGAGACTGGAATTCCTGGTGTAGCGGTGAAATGCGCAGATATCAGGAGGAACACCGATGGCGAAGGCAGGTCTCTGGGCATTTACTGACGCTGAGGAGCGA
d__Bacteria,Actinobacteriota,Actinobacteria,Micrococcales,Brevibacteriaceae,Brevibacterium,Brevibacterium_pityocampae,ff4b6a4c295936d402cfe50c20482dbe,TCCGGAATTATTGGGCGTAAAGAGCTCGTAGGTGGTCTGTCACGTCTGCTGTGGAAACGCAAGGCTCAACCTTGCGCGTGCAGTGGGTACGGGCGGACTAGAGTGCAGTAGGGGAGTCTGGAATTCCTGGTGTAGCGGTGAAATGCGCAGATATCAGGAGGAACACCGGTGGCGAAGGCGGGACTCTGGGCTGTAACTGACGCTGAGGAGCGA
d__Bacteria,Actinobacteriota,Actinobacteria,Micrococcales,Dermabacteraceae,Brachybacterium,NA,6cefae905a22818fc112e8f9306f6feb,TCCGGAATTATTGGGCGTAAAGAGCTTGTAGGTGGCTTGTCGCGTCTGCCGTGAAAACCCGAGGCTCAACCTCGGGCGTGCGGTGGGTACGGGCAGGCTAGAGTGTGGTAGGGGAGACTGGAACTCCTGGTGTAGCGGTGAAATGCGCAGATATCAGGAAGAACACCGATGGCGAAGGCAGGTCTCTGGGCCATTACTGACACTGAGAAGCAA
d__Bacteria,Bacteroidota,Bacteroidia,Flavobacteriales,Weeksellaceae,Cloacibacterium,NA,190c515359cfc8ba918fdc5754dbb12c,TCCGGATTTATTGGGTTTAAAGGGTCCGTAGGCGGACTTATAAGTCAGTGGTGAAAGCCTGTCGCTTAACGATAGAACTGCCATTGATACTGTAAGTCTTGAGTATATTTGAGGTAGCTGGAATAAGTAGTGTAGCGGTGAAATGCATAGATATTACTTAGAACACCAATTGCGAAGGCAGGTTACCAAGATATAACTGACGCTGAGGGACGA
d__Bacteria,Verrucomicrobiota,Kiritimatiellae,WCHB1-41,WCHB1-41,WCHB1-41,uncultured_Verrucomicrobia,ef4b284b8910e9f735627fa33e023428,TTCGGATTTACTGGGCGTAAAGGGTGCGTAGGCGGTTCCGCGTGTCGGATGTGAAATCTGGAGGCTCACCCTCCAAAGTGCATTCGAAACTGCGAGACTAGAGTACAGGAGAGGAGAGCGGAATTCTTGGTGTAGCGGTGAAATGCGTTGAGATCAAGAAGAACACCAGTGGCGAAGGCGGCTCTCTGGAATGAAACTGACGCTGAGGCACGA
d__Bacteria,Actinobacteriota,Acidimicrobiia,Microtrichales,uncultured,uncultured,NA,c530e55b5231924ad564c2daf1792633,TCCGGATTTATTGGGCGTAAAGAGCTCGTAGGCGGCTCGGTAAGTCGGGTGTGAAAACTCAGGGCTCAACCCTGAGACGCCACTCGATACTGCTGTGGCTAGAGTCCGGTAGGGGAGCGTGGAATTCCTGGTGTAGCGGTGAAATGCGCAGATATCAGGAGGAACACCAGCGGCGAAGGCGGCGCTCTGGGCCGGAACTGACGCTGAGGAGCGA
d__Bacteria,Actinobacteriota,Actinobacteria,Corynebacteriales,Mycobacteriaceae,Mycobacterium,NA,ba05b2bee6c830deb06c791ab77c0252,TCCGGAATTACTGGGCGTAAAGAGCTCGTAGGTGGTTTGTCGCGTTGTTCGTGAAAACTCACAGCTTAACTGTGGGCGTGCGGGCGATACGGGCAGACTTGAGTACTGCAGGGGAGACTGGAATTCCTGGTGTAGCGGTGGAATGCGCAGATATCAGGAGGAACACCGGTGGCGAAGGCGGGTCTCTGGGCAGTAACTGACGCTGAGGAGCGA
d__Bacteria,Actinobacteriota,Actinobacteria,Corynebacteriales,Nocardiaceae,Gordonia,NA,029b37c41896bd473e78c1c32892af7b,TCCGGAATTACTGGGCGTAAAGAGCTCGTAGGCGGTTTGTCGCGTCGTCTGTGAAATTCTGCAGCTTAACTGCAGGCGTGCAGGCGATACGGGCAGACTTGAGTACTACAGGGGAGACTGGAATTCCTGGTGTAGCGGTGAAATGCGCAGATATCAGGAGGAACACCGGTGGCGAAGGCGGGTCTCTGGGTAGTAACTGACGCTGAGGAGCGA
d__Bacteria,Actinobacteriota,Actinobacteria,Bifidobacteriales,Bifidobacteriaceae,Gardnerella,NA,70740e832e28fea8d46f2943c2f769ab,TCCGGAATTATTGGGCGTAAAGAGCTTGTAGGCGGTTCGTCGCGTCTGGTGTGAAAGCCCATCGCTTAACGGTGGGTCTGCGCCGGGTACGGGCGGGCTAGAGTGCAGTAGGGGAGACTGGAATTCCCGGTGTAACGGTGGAATGTGTAGATATCGGGAAGAACACCAATGGCGAAGGCAGGTCTCTGGGCTGTTACTGACGCTGAGAAGCGA
d__Bacteria,Actinobacteriota,Actinobacteria,Micrococcales,Cellulomonadaceae,Actinotalea,NA,469a0605028c875c14ad11531a1e046b,TCCGGAATTATTGGGCGTAAAGAGCTCGTAGGCGGTTTGTCGCGTCTGCTGTGAAAACCCGAGGCTCAACCTCGGGCCTGCAGTGGGTACGGGCAGACTAGAGTGCGGTAGGGGAGACTGGAATTCCTGGTGTAGCGGTGGAATGCGCAGATATCAGGAGGAACACCGATGGCGAAGGCAGGTCTCTGGGCCGCAACTGACGCTGAGGAGCGA
d__Bacteria,Bacteroidota,Bacteroidia,Flavobacteriales,Flavobacteriaceae,Salinimicrobium,uncultured_bacterium,64a6c5e21c0b67174795a03bffc5aad3,TCCGGAATCATTGGGTTTAAAGGGTCCGTAGGCGGGTGTGTCAGTCAGTGGTGAAAGTCTGCAGCTCAACTGTAGAACTGCCATTGATACTGCATACCTTGAGTAATTATGAAGTGGTTAGAATATGTAGTGTAGCGGTGAAATGCATAGATATTACATAGAATACCGATTGCGAAGGCAGATCACTAATAATTTACTGACGCTGATGGACGA
d__Bacteria,Verrucomicrobiota,Verrucomicrobiae,Verrucomicrobiales,Akkermansiaceae,Akkermansia,Akkermansia_muciniphila,76613b1e170f550c51d46753140843f2,TTCGGAATCACTGGGCGTAAAGCGTGCGTAGGCTGTTTCGTAAGTCGTGTGTGAAAGGCGCGGGCTCAACCCGCGGACGGCACATGATACTGCGAGACTAGAGTAATGGAGGGGGAACCGGAATTCTCGGTGTAGCAGTGAAATGCATAGATATCACGCAGAACTTCGATTGCGAAGGCAGCATACCGGCGCCCGACTGACGCTGAAGCACGA
d__Bacteria,Bacteroidota,Bacteroidia,Bacteroidales,Muribaculaceae,Muribaculaceae,uncultured_bacterium,15afe9446d6d327c26c14ad568510784,TCCGGATTTATTGGGTTTAAAGGGTGCGCAGGCGGCCCGACAAGCCGGCGGTCAAATCGCGGGGCTCAACCCCGTCCAGCCGTCGGAACTGCCGGGCTAGAGTGGGCGAGAAGTGCGCGGAATGCGTGGTGTAGCGGTGAAATGCATAGATATCAGGAGGAACACCGGTGGCGAAAGCGGCTCTCTGGTCTGTAACTGACGCTGAGGTTCGA
d__Bacteria,Bacteroidota,Bacteroidia,Flavobacteriales,Weeksellaceae,Bergeyella,Chryseobacterium_sp.,c7086b73d89429363e8e821a45bfdc2c,TCCGGATTTATTGGGTTTAAAGGGTCCGTAGGCGGGTTCGTAAGTCAGTGGTGAAATCCTACAGCTTAACTGTAGAACTGCCATTGATACTGCGAGTCTTGAGTGTAGTTGAGGTAGCTGGAATGAGTAGTGTAGCGGTGAAATGCATAGATATTACTCAGAACACCAATTGCGAAGGCAGGTTACCAAGTTACAACTGACGCTGATGGACGA
d__Bacteria,Bacteroidota,Bacteroidia,Bacteroidales,Tannerellaceae,Parabacteroides,NA,48770c60341c5e2ca432c1c31d3117bb,TCCGGATTTATTGGGTTTAAAGGGTGCGTAGGTGGTTAATTAAGTCAGCGGTGAAAGTTTGTGGCTCAACCATAAAATTGCCGTTGAAACTGGTTGACTTGAGTATATTTGAGGTAGGCGGAATGCGTGGTGTAGCGGTGAAATGCGTAGATATTAGGAGGAACACCGGTGGCGAAGGCGGCCTACTGGACCGTAACTGACGTTGAGGCTCGA
d__Bacteria,Bacteroidota,Bacteroidia,Bacteroidales,Prolixibacteraceae,WCHB1-32,uncultured_bacterium,4b386243d8ca3db833a803fdc5d3b322,TCCGGATTCATTGGGTTTAAAGGGTGCGTAGGCGGCTTTTTAAGTCAGTGGTGAAATCCTGCCGCTTAACGGTAGAATTGCCATTGATACTGAAAAGCTTGAGTACAATTGAGGTAAGCGGAATGTGTAGTGTAGCGGTGAAATGCTTAGATATTACACAGAACACCAATTGCGAAGGCAGCTTACTAAACTGTTACTGACGCTGATGCACGA
d__Bacteria,Bacteroidota,Bacteroidia,Bacteroidales,Muribaculaceae,Muribaculaceae,uncultured_bacterium,eeb7c36ee347f16a07365bf2883c2cdc,TCCGGATTTATTGGGTTTAAAGGGTGCGCAGGCGGCCCGACAAGCCGGCGGTCAAATCGCGGGGCTCAACCCCGTCCAGCCGTCGGAACTGCCGGGCTAGAGTGGGCGAGAAGTGCGCGGAATGCGTGGTGTAGCGGTGAAATGCATAGATATTAGGAGGAACACCAGTTGCGAAGGCGACTTACTGGACGATAACTGACGTTGAGGCTCGA
d__Bacteria,Actinobacteriota,Acidimicrobiia,Microtrichales,uncultured,uncultured,uncultured_Actinomycetales,ea44ee0461666c9d96eca1a31333bf5f,TCCGGAATTATTGGGCGTAAAGGGCTCCTAGGCGGTTCAGTAAGTCGACTGTGAAAATCCAAGGCTCAACCTTGGGACGCCAGTCGATACTGCTGTGACTCGAGTTCGGTAGAGGAGTGTGGAATTCCTGGTGTAGCGGTGAAATGCGCAGATATCAGGAGGAACACCAACGGCGAAGGCAGCACTCTGGGCCGATACTGACGCTGAAGAGCGA
d__Bacteria,Actinobacteriota,Actinobacteria,Micrococcales,Micrococcaceae,NA,NA,4ed3be5388de21bfb5a84fe12e682381,TCCGGAATTATTGGGCGTAAAGAGCTCGTAGGCGGTTTGTCGCGTCTGCTGTGAAAGCCCGGGGCTCAACCCCGGGTCTGCAGTGGGTACGGGCAGACTAGAGTGCAGTAGGGGAGACTGGAATTCCTGGTGTAGCGGTGGAATGCGCAGATATCAGGAGGAACACCGATGGCGAAGGCAGGTCTCTGGGCTGTAACTGACGCTGAGGAGCGA
d__Bacteria,Bacteroidota,Bacteroidia,Bacteroidales,Rikenellaceae,Alistipes,uncultured_bacterium,b228e09d348a36975752353cb1468a75,TCCGGATTTATTGGGTTTAAAGGGTGCGTAGGCGGTCGGATAAGTTAGAGGTGAAATCCCGAGGCTCAACTTCGGAATTGCCTCTGATACTGTTCGGCTAGAGAGTAGTTGCGGTAGGCGGAATGTATGGTGTAGCGGTGAAATGCTTAGAGATCATACAGAACACCGATTGCGAAGGCAGCTTACCAAGCTACTTCTGACGTTGAGGCACGA
d__Bacteria,Bacteroidota,Bacteroidia,Chitinophagales,Chitinophagaceae,Segetibacter,uncultured_soil,bdde2fab283b599a5cb8d09aa7ededc4,TCCGGATTCACTGGGTTTAAAGGGTGCGTAGGTGGGAATGTAAGTCAGTGGTGAAATCTCTGAGCTTAACTTAGAAACTGCCATTGATACTATGTTTCTTGAATTTTCTGGAGGTCAGCGGAATATGTCATGTAGCGGTGAAATGCTTAGATATGACATAGAACACCAATTGCGAAGGCAGCTGGCTACAGGGATATTGACACTGAGGCACGA
d__Bacteria,Actinobacteriota,Acidimicrobiia,Microtrichales,Ilumatobacteraceae,Ilumatobacter,metagenome,7036ca6f9cfa2d8b760edd45d10958fe,TCCGGATTTATTGGGCGTAAAGAGCTCGTAGGCGGTTCGGTAAGTCGGGTGTGAAAACTCTGGGCTCAACCCAGAGAGGCCACTCGATACTGCTGTGACTAGAGTGCGGTAGGGGAGCGGGGAATTCATGGTGTAGCTGTGAAATGCGCAGATATCATGAGGAACACCAGCGGCGAAGGCGCCGCTCTGGGCCGTAACTGACGCTGAGGAGCGA
d__Bacteria,Verrucomicrobiota,Verrucomicrobiae,Verrucomicrobiales,Akkermansiaceae,Akkermansia,Akkermansia_muciniphila,a28e4ac71f81663a69848aa10ef5ee0f,TTCGGAATCACTGGGCGTAAAGCGTGCGTAGGCTGTTTCGTAAGTCGTGTGTGAAAGGCGCGGGCTCAACCCGCGGACGGCACATGATACTGCGAGACTAGAGTAATGGAGGGGGAACCGGAATTCTCGGTGTAGCAGTGAAATGCATAGATATCACGCAGAACTCCGATTGCGAAGGCAGCATACCAGCGCCCGACTGACGCTGAAGCACGA
d__Bacteria,Bacteroidota,Bacteroidia,Bacteroidales,Muribaculaceae,Muribaculaceae,uncultured_bacterium,2db8cedd2de0e9b4138388fb201e5c55,TCCGGATTTATTGGGTTTAAAGGGTGCGTAGGCGGACTGTCAAGTCAGCGGTAAAATACGGGGGCTCAACCTCCGCCCGCCGTTGAAACTGACGGTCTTGAGTGGGCGAGAAGTATGCGGAATGCGTGGTGTAGCGGTGAAATGCATAGATATTAGGAGGAACACCAGTTGCGAAGGCGGCCTGCTGGGCTTTAACTGACGCTGAGGCTCGA
d__Bacteria,Actinobacteriota,Actinobacteria,Micromonosporales,Micromonosporaceae,NA,NA,58bddb990515fb5a914efc94da0c2b7d,TCCGGATTTATTGGGCGTAAAGAGCTCGTAGGCGGTTTGTTGCGTCGGCTGTGAAATCCCGTGGCTTAACTGCGGGTCTGCAGCCGATACGGGCAGGCTGGAGTTCGGTAGGGGAGACTGGAATTCCTGGTGTAGCGGTGAAATGCGCAGATATCAGGAGGAACACCGGTGGCGAAGGCGGGTCTCTGGGCCGATACTGACGCTGAGGAGCGA
d__Bacteria,Bacteroidota,Bacteroidia,Flavobacteriales,Flavobacteriaceae,NA,NA,61f50077a94b28145e5ba35352fe895b,TCCGGAATCATTGGGTTTAAAGGGTCCGTAGGTGGACGGTTAAGTCAGAGGTGAAATCCTGCAGCTCAACTGTAGAATTGCCTTTGATACTGGCCGTCTTGAGTCGCGGTGAAGCAGTTAGAATATGTAGTGTAGCGGTGAAATGCATAGATATTACATAGAATACCGATTGCGAAGGCAGATTGCTAACCGTGTACTGACACTGAGGGACGA
d__Bacteria,Bacteroidota,Bacteroidia,Bacteroidales,Tannerellaceae,Parabacteroides,NA,580704161212a33b80276c4c685038fe,TCCGGATTTATTGGGTTTAAAGGGTGCGTAGGTGGTTAATTAAGTCAGCGGTGAAAGTTTGTGGCTCAACCATAAAATTGCCGTTGAAACTGGTTGACTTGAGTATATTTGAGGTAGGCGGAATGCGTGGTGTAGCGGTGAAATACGTAGATATTAGGAGGAACACCAGTGGCGAAGGCGGCCTGCTGGACGATGACTGACGTTGAGGCTCGA
d__Bacteria,Actinobacteriota,Actinobacteria,Micrococcales,Cellulomonadaceae,Cellulomonas,NA,d6534013f685c3aedf0f272c864a5e90,TCCGGAATTATTGGGCGTAAAGAGCTCGTAGGCGGTTCGTCGCGTCTGCTGTGAAATCCTCAGGCTCAACCTGGGGCGTGCAGTGGGTACGGGCGGACTAGAGTGTGGTAGGGGTGACTGGAATTCCTGGTGTAGCGGTGGAATGCGCAGATATCAGGAGGAACACCGATGGCGAAGGCAGGTCACTGGGCCGCAACTGACGCTGAGGAGCGA
d__Bacteria,Actinobacteriota,Acidimicrobiia,Microtrichales,uncultured,uncultured,NA,03f486105f609b202269d3926b9650de,TCCGGATTCATTGGGCGTAAAGAGCTCGTAGGCGGTTCGGTAAGTCAGATGTGAAAACTTCGGGCTCAACTCGGAGAGGCCATCTGATACTGCTGTGACTGGAGTTCGGTAGAGGAGTGTGGAATTCCCGGTGTAGCGGTGAAATGCGCAGATATCGGGAGGAACACCAGCGGCGAAGGCGGCACTCTGGGCCGAAACTGACGCTGAGGAGCGA
d__Bacteria,Bacteroidota,Bacteroidia,Bacteroidales,Tannerellaceae,NA,NA,68b79400412c561ae744d9b44750725b,TCCGGATTTATTGGGTTTAAAGGGTGCGTAGGTGGTTAATTAAGTCAGCGGTGAAAGTTTGTGGCTCAACCATAAAATTGCCGTTGAAACTGGTTGACTTGAGTATATTTGAGGTAGGCGGAATGCGTGGTGTAGCGGTGAAATGCGTAGATATTAGGAGGAACACCAGTGGCGAAAGCGGCTCTCTGGCCTGTAACTGACACTGAGGCTCGG
d__Bacteria,Bacteroidota,Bacteroidia,Bacteroidales,Muribaculaceae,Muribaculaceae,uncultured_bacterium,214faa043f8b704265d5414ec005444e,TCCGGATTTATTGGGTTTAAAGGGTGCGTAGGCGGACTGTCAAGTCAGCGGTAAAATACGGGGGCTCAACCTCCGCCCGCCGTTGAAACTGACGGTCTTGAGTGGGCGAGAAGTATGCGGAATGCGTGGTGTAGCGGTGAAATGCATAGATATCGGGAAGAACACCGATGGCGAAGGCAGCCTGCTGGGCCGCAACTGACGCTGTGGCGCGA
d__Bacteria,Bacteroidota,Bacteroidia,Flavobacteriales,Flavobacteriaceae,Capnocytophaga,NA,377308a0235f9732a745bd7cd1d3b590,TCCGGAATCATTGGGTTTAAAGGGTCTGTAGGCGGGCAAATAAGTCAGAGGTGAAAGCGCTTAGCTTAACTAAGCAACTGCCTTTGAAACTGTTAGTCTTGAATTATTGTGAAGTAGTTGGAATGTGTAGTGTAGCGGTGAAATGCTTAGATATTACACAGAACACCGATAGCGAAGGCATATTACTAACAATTGATTGACGCTGATGGACGA
d__Bacteria,Actinobacteriota,Actinobacteria,Micrococcales,Micrococcaceae,NA,NA,4084565d5de79c08ddfa98c4cff588d0,TCCGGAATTATTGGGCGTAAAGAGCTCGTAGGCGGTTTGTCGCGTCTGTCGTGAAAGTCCGGGGCTCAACTCCGGATCTGCGGTGGGTACGGGCAGACTAGAGTGATGTAGGGGAGACTGGAATTCCTGGTGTAGCGGTGGAATGCGCAGATATCAGGAGGAACACCGATGGCGAAGGCAGGTCTCTGGGCATTAACTGACGCTGAGGAGCGA
d__Bacteria,Bacteroidota,Bacteroidia,Bacteroidales,Prevotellaceae,Alloprevotella,NA,b97d083010847513f949f271b9b3d903,TCCGGAATTATTGGGTTTAAAGGGAGCGCAGGCGGGAGTGTAAGTCAGCTGTTAAATATCAGGGCCCAACTCTGTTATGCAGTTGAAACTATATTTCTTGAGTACGCACAGGGATGGCGGAATTCAGGGTGTAGCGGTGAAATGCTTAGATATCCTGAAGAACTCCGATCGCGAAGGCAGCCATCCGGAGCGTAACTGACGCTGAGGCTCGA
d__Bacteria,Bacteroidota,Bacteroidia,Bacteroidales,Muribaculaceae,Muribaculaceae,uncultured_bacterium,4c8a71e0eb7ca81f7ce5b315245a0aae,TCCGGATTTATTGGGTTTAAAGGGTGCGCAGGCGGCCCGACAAGCCGGCGGTCAAATCGCGGGGCTCAACCCCGTCCAGCCGTCGGAACTGCCGGGCTAGAGTGGGCGAGAAGTGCGCGGAATGCGTGGTGTAGCGGTGAAATGCGTAGATATCGAGAGGAACACTCGTGGCGAAGGCGGGTTCCTGGACATTAACTGACGTTGAGGCCCGA
d__Bacteria,Bacteroidota,Bacteroidia,Chitinophagales,Chitinophagaceae,Niabella,uncultured_Bacteroidetes,bd92d338dde7a3380cb09f08c6101000,TCCGGATTCACTGGGTTTAAAGGGAGCGCAGGTGGGCTAGTAAGTCAGTGGTGAAATCTCCGAGCTTAACTCGGAAATTGCCGTTGATACTATTAGTCTTGAATATTGTGGAGGTTAGCGGAATATGTCATGTAGCGGTGAAATGCTTAGATATGACATGGAACACCAATTGCGAAGGCAGCTGGCTACACAAATATTGACACTGAGGCTCGA
d__Bacteria,Verrucomicrobiota,Verrucomicrobiae,Verrucomicrobiales,Akkermansiaceae,Akkermansia,NA,583a597f9a9371651aac8f48a2350860,TCCGGATTTATTGGGCGTAAAGCGAGCGCAGGTGGTTTATTAAGTCTGATGTAAAAGGCAGTGGCTCAACCCGCGGACGGCACATGATACTGCGAGACTAGAGTAATGGAGGGGGAACCGGAATTCTCGGTGTAGCAGTGAAATGCGTAGATATCGAGAGGAACACTCGTGGCGAAGGCGGGTTCCTGGACATTAACTGACGCTGAGGCACGA
d__Bacteria,Bacteroidota,Bacteroidia,Bacteroidales,Muribaculaceae,Muribaculaceae,uncultured_bacterium,71d0f635f83cfd15447a49c551b02403,TCCGGATTTACTGGGTGTAAAGGGAGCGTAGGCGGCCACGCAAGTCAGAAGTGAAAACCCGGGGCTCAACCCTGGGAGTGCTTTTGAAACTGTGCGGCTAGAGTGGGCGAGAAGTGCGCGGAATGCGTGGTGTAGCGGTGAAATGCATAGATATCACGCAGAACTCCGATTGCGAAGGCAGCGCACCGGCGCCCTACTGACGCTGAGGTTCGA
d__Bacteria,Bacteroidota,Bacteroidia,Bacteroidales,Dysgonomonadaceae,Dysgonomonas,Dysgonomonas_termitidis,8265a7a7a638c8b9005c4ac182732cb9,TCCGGATTTATTGGGTTTAAAGGGTGCGCAGGCGGGCTTTTAAGTCAGCGGTGAAATCTCGGGGCTTAACTCCGAGACTGCCGTTGAAACTGGGAGTCTTGAGTATGGATGAAGTAGGCGGAATTCGTTGTGTAGCGGTGACATGCTTAGATATAACGAGGAACTCCGATTGCGTAGGCAGCTTACTAAGCCATAACTGACGCTCAAGCACGA
d__Bacteria,Actinobacteriota,Actinobacteria,Frankiales,Nakamurellaceae,Nakamurella,NA,54af0ebfd2a328216b7e3763f0b67d6e,TCCGGAATTATTGGGCGTAAAGAGCTCGTAGGCGGTTTGTCGCGTCGAATGTGAAAACCCGGGGCTCAACTCCGGGCCTGCATTCGATACGGGCAGACTAGAGTTCGGTAGGGGAGACTGGAATTCCTGGTGTAGCGGTGAAATGCGCAGATATCAGGAGGAACACCGGTGGCGAAGGCGGGTCTCTGGGCCGATACTGACGCTGAGGAGCGA
d__Bacteria,Bacteroidota,Bacteroidia,Bacteroidales,Tannerellaceae,NA,NA,025a855821b4618cf5a7e90bdf55f8b7,TCCGGATTTACTGGGTGTAAAGGGAGCGTAGACGGTGAGACAAGTCTGAAGTGAAAGCCCGGGGCTCAACCATAAAATTGCCGTTGAAACTGGTTGACTTGAGTATATTTGAGGTAGGCGGAATGCGTGGTGTAGCGGTGAAATGCATAGATATCACGCAGAACTCCGATTGCGAAGGCAGCTTACTAAACTATAACTGACACTGAAGCACGA
d__Bacteria,Bacteroidota,Bacteroidia,Bacteroidales,Muribaculaceae,Muribaculaceae,uncultured_bacterium,95457ba9d0d2a0c38a259a02dbe83296,TCCGGATTTATTGGGTTTAAAGGGTGCGTAGGTGGTTAATTAAGTCAGCGGTGAAAGTTTGTGACTCAACCATAAAATTGCCGTTGAAACTGGCCGTCTAGAGTGGGCGAGAAGTACGCGGAATGCGTGGTGTAGCGGTGAAATGCATAGATATCACGCAGAACTCCGATTGCGAAGGCAGCGTACCGGCGCCCTACTGACGCTCATGCACGA
d__Bacteria,Actinobacteriota,Coriobacteriia,Coriobacteriales,Eggerthellaceae,Eggerthella,NA,9c564b294f9d6d7a628dd27e7d9b63e5,TCCGGATTCATTGGGCGTAAAGAGCGCGTAGGCGGCCTCTCAAGCGGGATCTCTAATCCGAGGGCTCAACCCCCGGCCGGATCCCGAACTGGGAGGCTCGAGTTCGGTAGAGGCAGGCGGAATTCCCGGTGTAGCGGTGGAATGCGCAGATATCACGCAGAACTCCAATTGCGAAGGCTGCTTACTAAACTATAACTGTCACTGAAGCACGA
d__Bacteria,Bacteroidota,Bacteroidia,Bacteroidales,Muribaculaceae,Muribaculaceae,uncultured_bacterium,a541c8614a537e289900cd0a823f93b0,TCCGGATTTATTGGGTTTAAAGGGTGCGCAGGCGGATGGTCAAGTCAGCGGTCAAATCACGGGGCTCAACCCCGTCCAGCCGTTGAAACTGGCCGTCTAGAGTGGGCGAGAAGTACGCGGAATGCGTGGTGTAGCGGTGAAATGCGTAGATATATGGAGGAACACCAGTGGCGAAGGCGGCTTGCTGGACGATGACTGACGTTGAGGCTCGA
d__Bacteria,Bacteroidota,Bacteroidia,Bacteroidales,Tannerellaceae,NA,NA,a7348c78cfdf83d2c99d9328680e2bd2,TCCAGATTTACTGGGTGTAAAGGGAGCGTAGACGGCTGTGCAAGCCAGATGTGAAAGCCCGGGGCTCAACCATAAAATTGCCGTTGAAACTGGTTGACTTGAGTATATTTGAGGTAGGCGGAATGCGTGGTGTAGCGGTGAAATGCATAGATATCACGCAGAACTCCGATTGCGAAGGCAGCTTACTAAACTATAACTGACACTGAAGCACGA
d__Bacteria,Actinobacteriota,Actinobacteria,Frankiales,Geodermatophilaceae,Modestobacter,NA,ad05e832fcd61c890d9cfc864190ae4e,TCCGGAATTATTGGGCGTAAAGAGCTCGTAGGCGGTCTGTCGCGTCGGCTGTGAAAACCCGAGGCTCAACCTCGGGCCTGCAGTCGATACGGGCAAACTAGAGTACTGCAGGGGAGACTGGAATTCCTGGTGTAGCGGTGAAATGCGCAGATATCAGGAGGAACACCGGTGGCGAAGGCGGGTCTCTGGGCAGTAACTGACGCTGAGGAGCGA
d__Bacteria,Bacteroidota,Bacteroidia,Bacteroidales,Tannerellaceae,NA,NA,93dce811bace6d74addee278407a4f3b,TCCGGATTTACTGGGTGTAAAGGGAGCGTAGACGGAAAGGCAAGTCAGAAGTGAAAACCCAAGGCTCAACCATGGGACTGCTCTTGAAACTGGTTGACTTGAGTATATTTGAGGTAGGCGGAATGCGTGGTGTAGCGGTGAAATGCATAGATATCACGCAGAACTCCGATTGCGAAGGCAGCTTACTAAACTATAACTGACACTGAAGCACGA
d__Bacteria,Actinobacteriota,Coriobacteriia,Coriobacteriales,Eggerthellaceae,Eggerthella,NA,40a5811c473894943c397788a6cba747,TCCGGATTTGTTGGGTTTAAAGGGTGCGTAGGCGGACTGTCAAGTCAGCGGTAAAATACGGGGGCTCAACCCCCGGCCGGATCCCGAACTGGGAGGCTCGAGTTCGGTAGAGGCAGGCGGAATTCCCGGTGTAGCGGTGGAATGCGCAGATATCGGGAAGAACACCGATGGCGAAGGCAGCCTGCTGGGCCGCAACTGACGCTGAGGCGCGA
d__Bacteria,Actinobacteriota,Actinobacteria,Frankiales,Geodermatophilaceae,Klenkia,NA,036102af79d47436ae7c119b54f1ac20,TCCGGAATTATTGGGCGTAAAGAGCTCGTAGGCGGTTTGTCGCGTCGGCTGTGAAAGCCCGGAGCTCAACTCCGGGTCTGCAGTCGATACGGGCAGACTTGAGTGTTGCAGGGGAGACTGGAATTCCTGGTGTAGCGGTGAAATGCGCAGATATCAGGAGGAACACCGGTGGCGAAGGCGGGTCTCTGGGCAACAACTGACGCTGAGGAGCGA
d__Bacteria,Actinobacteriota,Actinobacteria,Micrococcales,Micrococcaceae,Kocuria,Rothia_kristinae,b353ccec98ac9e6850b610dd5132407b,TCCGGAATTATTGGGCGTAAAGAGCTCGTAGGCGGCTTGTCGCGTCTGCTGTGAAAGCCCGGGGCTTAACTCCGGGTGTGCAGTGGGTACGGGCAGGCTAGAGTGCAGTAGGGGTAACTGGAATTCCTGGTGTAGCGGTGAAATGCGCAGATATCAGGAGGAACACCGATGGCGAAGGCAGGTTACTGGGCTGTTACTGACGCTGAGGAGCGA
d__Bacteria,Actinobacteriota,Actinobacteria,Micromonosporales,Micromonosporaceae,uncultured,uncultured_bacterium,2c378c5d13c80c4bb8a91d09faeeada9,TCCGGATTTATTGGGCGTAAAGAGCTCGTAGGCGGTTTGTTGCGTCGGCTGTGAAATCCCGCGGCTTAACTGCGGGTCTGCAGCCGATACGGGCAGGCTGGAGTTCGGTAGGGGAGACTGGAATTCCTGGTGTAGCGGTGAAATGCGCAGATATCAGGAGGAACACCGGTGGCGAAGGCGGGTCTCTGGGCCGATACTGACGCTGAGGAGCGA
d__Bacteria,Bacteroidota,Bacteroidia,Bacteroidales,Muribaculaceae,Muribaculaceae,uncultured_bacterium,6aff9d7d289fd7f8247eeaa0ff5ce7b8,TCGGGATTTACTGGGTGTAAAGGGCGTGTGGGCGGGGACGCAAGTCAGATGTGAAAACCACGGGCTCAACCTGTGGCCTGCATTTGAAACTGGCCGTCTAGAGTGGGCGAGAAGTACGCGGAATGCGTGGTGTAGCGGTGAAATGCATAGATATCACGCAGAACTCCGATTGCGAAGGCAGCATACCGGCGCCCGACTGACGCTGAAGCACGA
d__Bacteria,Bacteroidota,Bacteroidia,Bacteroidales,Muribaculaceae,Muribaculum,Muribaculum_intestinale,404f6fb2b768c90604ada6e417b1ca91,TCCGGATTTACTGGGTGTAAGGGGCGTGTAGGCGGGACTGCAAGTCAGATGTGAAAACCACGGGCTCAACCTGTGGCCTGCATTTGAAACTGACGGTCTTGAGTGGGCGAGAAGTATGCGGAATGCGTGGTGTAGCGGTGAAATGCATAGATATCACGCAGAACTCCGATTGCGAAGGCAGCATACCGGCGCCCAACTGACGCTGAAGCACGA
d__Bacteria,Actinobacteriota,Actinobacteria,Micrococcales,Micrococcaceae,Rothia,NA,dd61751a1347c070026e3a37752c1aaf,TCCGGAATTATTGGGCGTAAAGAGCTTGTAGGCGGTTTGTCGCGTCTGCTGTGAAAGCCCGGGGCTTAACCCCGGGTTTGCAGTGGGTACGGGCAGACTAGAGTGCAGTAGGGGAGACTGGAATTCCTGGTGTAGCGGTGAAATGCGCAGATATCAGGAGGAACACCAATGGCGAAGGCAGGTCTCTGGGCTGTAACTGACGCTGAGAAGCGA
d__Bacteria,Actinobacteriota,Actinobacteria,Micromonosporales,Micromonosporaceae,NA,NA,c297a7983141b0b3c6106cf5867634e4,TCCGGATTTATTGGGCGTAAAGAGCTCGTAGGCGGCCTGTTGCGTCGGTTGTGAAATCCCGTGGCTTAACTGCGGGTCTGCAGCTGATACGGGCAGGCTGGAGTTCGGTAGGGGAGACTGGAATTCCTGGTGTAGCGGTGAAATGCGCAGATATCAGGAGGAACACCGGTGGCGAAGGCGGGTCTCTGGGCCGATACTGACGCTGAGGAGCGA
d__Bacteria,Bacteroidota,Bacteroidia,Bacteroidales,Muribaculaceae,Muribaculaceae,uncultured_bacterium,2fb5e07043dd17dc6c72db062bc5d2ae,TCCGGATTTACTGGGTGTAGAGGGCGTGCAGCCGGAGAGACAAGTCAGATGTGAAATCCACGGGCTCAACCTCCGCCCGCCGTTGAAACTGACGGTCTTGAGTGGGCGAGAAGTATGCGGAATGCGTGGTGTAGCGGTGAAATGCATAGATATCACGCAGAACTCCGATTGCGAAGGCAGCATACCGGCGCCCGACTGACGCTGAAGCACGA
d__Bacteria,Bacteroidota,Bacteroidia,Bacteroidales,Muribaculaceae,Muribaculaceae,uncultured_bacterium,0dee02f118fcce6014adcaca403c2967,TCCGGAATTACTGGGTGTAAAGGGAGCGTAGACGGCTGTGCAAGTCTGGAGTGAAAGGAGGGGGCCCAACCCCGTCCAGCCGTCGGAACTGCCGGGCTAGAGTGGGCGAGAAGTGCGCGGAATGCGTGGTGTAGCGGTGAAATGCATAGATATCACGCAGAACTCCGATTGCGAAGGCAGCGCACCGGCGCCCTACTGACGCTCAGGCACGA
d__Bacteria,Bacteroidota,Bacteroidia,Bacteroidales,Muribaculaceae,Muribaculaceae,NA,b8f177e28ca28331d1f931cbf94da544,GTTATCCGGATTTATTGGGTTTAAAGGGTGCGTAGGTGGTTAATTAAGTCAGCGGTGAAATGCATAGATATCACGCAGAACTCCGATTGCGAAGGCAGCGCACCGGCGCCCTACTGACGCTCAGGCACGAAAGC
