Kingdom,Phylum,Class,Order,Family,Genus,Species,Feature.ID,Sequence,BLAST Organism,BLAST Genus,Use_SILVA,BLAST Accession
d__Bacteria,Firmicutes,Bacilli,Lactobacillales,Lactobacillaceae,Lactobacillus,NA,748f7f058eb6561ac95f2438c00263bb,TCCGGATTTATTGGGCGTAAAGGGAACGCAGGCGGTCTTTTAAGTCTGATGTGAAAGCCTTCGGCTTAACCGGAGTAGTGCATTGGAAACTGGGAGACTTGAGTGCAGAAGAGGAGAGTGGAACTCCATGTGTAGCGGTGAAATGCGTAGATATATGGAAGAACACCAGTGGCGAAAGCGGCTCTCTGGTCTGTAACTGACGCTGAGGTTCGA,Ligilactobacillus animalis,Ligilactobacillus,no,PP130101.1
d__Bacteria,Firmicutes,Clostridia,Peptostreptococcales-Tissierellales,Anaerovoracaceae,[Eubacterium]_nodatum_group,uncultured_organism,caba921eac22d8235a5375e2b97ace1c,TCCGGAATTATTGGGCGTAAAGAGTACGTAGGTGGCAACCTAAGCGCAGGGTTTAAGGCAATGGCTCAACCATTGTTCGCCCTGCGAACTGGGATGCTTGAGTGCAGGAGAGGAAAGCGGAATTCCTAGTGTAGCGGTGAAATGCGTAGATATTAGGAGGAACACCAGTGGCGAAGGCGGCTTTCTGGACTGTAACTGACACTGAGGTACGA,Ihubacter sp.,Ihubacter,no,MN081651.1
d__Bacteria,Firmicutes,Clostridia,Peptostreptococcales-Tissierellales,Anaerovoracaceae,[Eubacterium]_nodatum_group,uncultured_organism,6d4e582777dc919fee9ffdba9db1c215,CGCAGGGTTTAAGGCAATGGCTCAACCATTGTTCGCCCTGCGAACTGGGATGCTTGAGTGCAGGAGAGGAAAGCGGAATTCCTAGTGTAGCGGTGAAATGCGTAGATATTAGGAGGAACACCAGTGGCGAAGGCGGCTTTCTGGACTGTAACTGACACTGAGGTACGA,Ihubacter sp.,Ihubacter,no,MN081651.1
d__Bacteria,Firmicutes,Clostridia,Peptostreptococcales-Tissierellales,Anaerovoracaceae,[Eubacterium]_nodatum_group,uncultured_organism,571858b33e6d5b5a6a4fac5c699e888e,CGCAGGGCTTAAGGCAATGGCTCAACCATTGTTCGCCCTGCGAACTGGGATGCTTGAGTGCAGGAGAGGAAAGCGGAATTCCTAGTGTAGCGGTGAAATGCGTAGATATTAGGAGGAACACCAGTGGCGAAGGCGGCTTTCTGGACTGTAACTGACACTGAGGTACGA,Ihubacter sp.,Ihubacter,no,MN081651.1
d__Bacteria,Firmicutes,Clostridia,Lachnospirales,Lachnospiraceae,[Eubacterium]_xylanophilum_group,uncultured_bacterium,4ebe769c5cd8453686425d17e93fdf37,TCCGGATTTACTGGGTGTAAAGGGAGCGTAGGTGGCAGGGCAAGTCAGATGTGAAAACCCGGGGCTCAACTCCGGGAGTGCATTTGAAACTGTCCAGCTAGAGTGCAGGAGAGGTAAGCGGAATTCCTAGTGTAGCGGTGAAATGCATAGATATTAGGAGGAACACCAGTGGCGAAGGCGGCTTACTGGACTGTAACTGACACTGAGGCTCGA,uncultured bacterium,NA,yes,MG558580.1
d__Bacteria,Firmicutes,Clostridia,Lachnospirales,Lachnospiraceae,[Eubacterium]_xylanophilum_group,uncultured_bacterium,bd7951aad5f0ee7c7527ccec4e393984,TCCGGATTTACTGGGTGTAAAGGGTGCGTAGGTGGCAGGGCAAGTCAGATGTGAAAGCCCGGGGCTCAACCCCGGTACTGCATTTGAAACTGTCCAGCTGGAGTGCAGGAGAGGTAAGCGGAATTCCTAGTGTAGCGGTGAAATGCGTAGATATTAGGAGGAACACCAGTGGCGAAGGCGGCTTACTGGACTGTAACTGACACTGAGGCACGA,Anaerobium sp.,Anaerobium,yes,MK287681.1
d__Bacteria,Firmicutes,Clostridia,Lachnospirales,Lachnospiraceae,[Eubacterium]_xylanophilum_group,uncultured_bacterium,5b077851186a919e2de812904cc73b14,TCCGGATTTACTGGTGTAAAGGGAGCGTAGGTGGCAGGGCAAGTCAGATGTGAAAACCCGGGGCTCAACTCCGGGAGTGCATTTGAAACTGTCCAGCTAGAGTGCAGGAGAGGTAAGCGGAATTCCTAGTGTAGCGGTGAAATGCATAGATATTAGGAGGAACACCAGTGGCGAAGGCGGCTTACTGGACTGTAACTGACACTGAGGCTCGA,uncultured bacterium,NA,yes,MG558580.1
d__Bacteria,Firmicutes,Clostridia,Lachnospirales,Lachnospiraceae,[Eubacterium]_xylanophilum_group,uncultured_bacterium,47077164c0a74783678260e6e0590efe,TCAGATGTGAAAGCCCGGGGCTCAACCCCGGTACTGCATTTGAAACTGTCCAGCTGGAGTGCAGGAGAGGTAAGCGGAATTCCTAGTGTAGCGGTGAAATGCGTAGATATTAGGAGGAACACCAGTGGCGAAGGCGGCTTACTGGACTGTAACTGACACTGAGGCACGA,Anaerobium sp.,Anaerobium,yes,MK287681.1
d__Bacteria,Firmicutes,Clostridia,Lachnospirales,Lachnospiraceae,A2,NA,6ce9579c5b3987d6d0e6b18638b7ecae,TCCGGATTTACTGGGTGTAAAGGGAGCGTAGGCGGCCTGCCAAGTCTGATGTGAAATACCGGGGCTCAACCCCGGGGCTGCATTGGAAACTGGCAGGCTGGAGTGTCGGAGAGGCAGGCGGAATTCCTAGTGTAGCGGTGAAATGCGTAGATATTAGGAGGAACACCAGTGGCGAAGGCGGCCTGCTGGACGATGACTGACGCTGAGGCTCGA,Clostridiales bacterium CIEAF 017,Clostridiales ,yes,AB702931.1
d__Bacteria,Firmicutes,Clostridia,Lachnospirales,Lachnospiraceae,A2,NA,8b66b049d7b41b11cdacf7b4b5f807fe,TCCGGATTTACTGGGTGTAAAGGGAGCGTAGGCGGCCTGGCAAGCCTGATGTGAAATACCGGGGCCCAACCCCGGGGCTGCATTGGGAACTGCCAGGCTGGAGTGCCGGAGAGGCAGGCGGAATTCCTAGTGTAGCGGTGAAATGCGTAGATATTAGGAGGAACACCAGTGGCGAAGGCGGCCTGCTGGACGGTGACTGACGCTGAGGCTCGA,uncultured bacterium,NA,yes,MG270499.1
d__Bacteria,Firmicutes,Clostridia,Lachnospirales,Lachnospiraceae,A2,uncultured_bacterium,82436ae08ec59b33f9965c8bbc4f3f58,TCCGGATTTACTGGGTGTAAAGGGAGCGTAGGCGGCAGGGCAAGCCTGATGTGAAAGCCCGGGGCTCAACCCCGGGACTGCATTGGGAACTGCCCCGCTCGAGTGCCGGAGGGGCAGGCGGAATTCCTAGTGTAGCGGTGAAATGCGTAGATATTAGGAGGAACACCAGTGGCGAAGGCGGCCTGCTGGACGGTGTACTGACGCTGAGGCTCGA,uncultured bacterium,NA,yes,MN211884.1
d__Bacteria,Firmicutes,Clostridia,Lachnospirales,Lachnospiraceae,A2,uncultured_bacterium,f3bbe63bff6da0b9c8a2baefdeb840e0,TCCGGATTTACTGGGTGTAAAGGGAGCGCAGGCGGCACGGCAAGCCTGATGTGAAAGCCCGCGGCCCAACCGCGGGACTGCATTGGGAACTACCGGGCTGGAGTGCCGGAGAGGTAGGCGGAATTCCTAGTGTAGCGGTGAAATGCGTAGATATTAGGAGGAACACCAGTGGCGAAGGCGGCCTACTGGACGGTGACTGACGCTGAGGCTCGA,uncultured bacterium,NA,yes,MH291949.1
d__Bacteria,Firmicutes,Clostridia,Lachnospirales,Lachnospiraceae,A2,NA,84c3c8368a13bf97c176732f1f1f3262,TCCGGATTTACTGGGTGTAAAGGGAGCGTAGGCGGCATACCAAGCCTGATGTGAAAACCCGGGGCCCAACCCCGGGAGTGCATTGGGAACTGGCAAGCTAGAGTGTCGGAGAGGCAGGCGGAATTCCTAGTGTAGCGGTGAAATGCGTAGATATTAGGAGGAACACCAGTGGCGAAGGCGGCCTGCTGGACGATGACTGACGCTGAGGCTCGA,uncultured bacterium,NA,yes,MN211907.1
d__Bacteria,Firmicutes,Clostridia,Lachnospirales,Lachnospiraceae,A2,uncultured_bacterium,414abcdea00acc9e10377c16fdf2c57d,TCCGGATTTACTGGGTGTAAAGGGAGCGCAGGCGGCCTGGCAAGCCTGATGTGAAATACCGGGGCCCAACCCCGGGGCTGCATTGGGAACTGCCAGGCTGGAGTGCCGGAGAGGCAGGCGGAATTCCTAGTGTAGCGGTGAAATGCGTAGATATTAGGAGGAACACCAGTGGCGAAGGCGGCCTGCTGGACGGTGACTGACGCTGAGGCTCGA,uncultured bacterium,NA,yes,MF271585.1
d__Bacteria,Firmicutes,Clostridia,Lachnospirales,Lachnospiraceae,A2,uncultured_bacterium,21bd75ad78d416bdfb4bb93ac7594992,TCCGGATTTACTGGGTGTAAAGGGAGCGTAGGCGGCCTGGCAAGCCTGATGTGAAATACCGGGGCTCAACCCCGGGGCTGCATTGGGAACTGCCAGGCTGGAGTGCCGGAGAGGCAGGCGGAATTCCTAGTGTAGCGGTGAAATGCGTAGATATTAGGAGGAACACCAGTGGCGAAGGCGGCCTGCTGGACGGTGACTGACGCTGAGGCTCGA,uncultured bacterium,NA,yes,MG270499.1
d__Bacteria,Firmicutes,Clostridia,Lachnospirales,Lachnospiraceae,Acetatifactor,uncultured_bacterium,82d87381e366cdea332e94ae0e1c7804,TCCGGATTTACTGGGTGTAAAGGGAGCGTAGACGGCATTGCAAGTCCGGAGTGAAAGCCCACGGCCCAACCGTGGGACTGCTCTGGAAACTGTAGAGCTGGAGTGCGGGAGGGGCAGGCGGAATTCCTAGTGTAGCGGTGAAATGCGTAGATATTAGGAGGAACACCGGCGGCGAAGGCGGCCTGCTGGACCGTAACTGACGTTGAGGCTCGA,uncultured bacterium,NA,yes,MH292136.1
d__Bacteria,Firmicutes,Clostridia,Lachnospirales,Lachnospiraceae,Acetatifactor,uncultured_bacterium,eba9c595ed83c8a4a329cdda372afce2,TCCGGATTTACTGGGTGTAAAGGGAGCGTAGACGGCAGTGCAAGTCCGGAGTGAAAGCCCGGGGCTCAACCCTGGGACTGCTCTGGAAACTGTAAAGCTGGAGTGCGGGAGGGGCAGGCGGAATTCCTGGTGTAGCGGTGAAATGCGTAGATATCAGGAGGAACACCGGCGGCGAAGGCGGCCTGCTGGACCGTAACTGACGTTGAGGCTCGA,uncultured bacterium,NA,yes,MG270387.1
d__Bacteria,Firmicutes,Clostridia,Lachnospirales,Lachnospiraceae,Acetatifactor,NA,a72f20a86f6b32c64559f01b4173e620,TCCGGATTTACTGGGTGTAAAGGGAGCGTAGACGGTATTGCAAGTCCGGAGTGAAAGCCCACGGCCCAACCGTGGGACTGCTCTGGAAACTGTAGAGCTGGAGTGCGGGAGGGGCAGGCGGAATTCCTAGTGTAGCGGTGAAATGCGTAGATATTAGGAGGAACACCGGCGGCGAAGGCGGCCTGCTGGACCGTAACTGACGTTGAGGCTCGA,uncultured bacterium,NA,yes,MH292136.1
d__Bacteria,Firmicutes,Clostridia,Lachnospirales,Lachnospiraceae,Acetatifactor,uncultured_bacterium,ef322980a530b6eef3402c0c38b87a03,TCCGGATTCACTGGGTGTAAAGGGAGCGTAGACGGCGACGCAAGTCTGGAGTGAAAGCCCGGGGCCCAACCCCGGGACTGCTCTGGAAACTGCGTCGCTGGAGTACGGGAGGGGCAGGCGGAATTCCTGGTGTAGCGGTGAAATGCGTAGATATCAGGAGGAACACCGGCGGCGAAGGCGGCCTGCTGGACCGTGACTGACGTTGAGGCTCGA,example,,,
d__Bacteria,Firmicutes,Clostridia,Lachnospirales,Lachnospiraceae,Acetatifactor,Acetatifactor_muris,5785b6af0d64055ec705a7553fd60b15,TCCGGATTTACTGGGTGTAAAGGGAGCGTAGACGGCAGCGCAAGTCCGAAGTGAAAGCCCGGGGCCCAACCCCGGGACTGCTTTGGAAACTGTGAAGCTGGAGTGCGGGAGGGGCAGGCGGAATTCCTGGTGTAGCGGTGAAATGCGTAGATATCAGGAGGAACACCGGCGGCGAAGGCGGCCTGCTGGACCGTAACTGACGTTGAGGCTCGA,example,,,
d__Bacteria,Verrucomicrobiota,Verrucomicrobiae,Verrucomicrobiales,Akkermansiaceae,Akkermansia,NA,ef26904830b91caa86a460c041c77fd4,TTCGGAATCACTGGGCGTAAAGCGTGCGTAGGCTGTTTCGTAAGTCGTGTGTGAAAGGCGCGGGCTCAACCCGCGGACGGCACATGATACTGCGAGACTAGAGTAATGGAGGGGGAACCGGAATTCTCGGTGTAGCAGTGAAATGCGTAGATATCGAGAGGAACACTCGTGGCGAAGGCGGGTTCCTGGACATTAACTGACGCTGAGGCACGA,example,,,
d__Bacteria,Verrucomicrobiota,Verrucomicrobiae,Verrucomicrobiales,Akkermansiaceae,Akkermansia,NA,68d43d3c88ac0c0637f159c08c4e3870,TTCGGAATCACTGGGCGTAAAGCGTGCGTAGGCTGTTTCGTAAGTCGTGTGTGAAAGGCGCGGGCTCAACCCGCGGACGGCACATGATACTGCGAGACTAGAGTAATGGAGGGGGAACCGGAATTCTCGGTGTAGCAGTGAAATGCGTAGGTATCGAGAGGAACACTCGTGGCGAAGGCGGGTTCCTGGACATTAACTGACGCTGAGGCACGA,example,,,
d__Bacteria,Verrucomicrobiota,Verrucomicrobiae,Verrucomicrobiales,Akkermansiaceae,Akkermansia,Akkermansia_muciniphila,76613b1e170f550c51d46753140843f2,TTCGGAATCACTGGGCGTAAAGCGTGCGTAGGCTGTTTCGTAAGTCGTGTGTGAAAGGCGCGGGCTCAACCCGCGGACGGCACATGATACTGCGAGACTAGAGTAATGGAGGGGGAACCGGAATTCTCGGTGTAGCAGTGAAATGCATAGATATCACGCAGAACTTCGATTGCGAAGGCAGCATACCGGCGCCCGACTGACGCTGAAGCACGA,example,,,
d__Bacteria,Verrucomicrobiota,Verrucomicrobiae,Verrucomicrobiales,Akkermansiaceae,Akkermansia,Akkermansia_muciniphila,a28e4ac71f81663a69848aa10ef5ee0f,TTCGGAATCACTGGGCGTAAAGCGTGCGTAGGCTGTTTCGTAAGTCGTGTGTGAAAGGCGCGGGCTCAACCCGCGGACGGCACATGATACTGCGAGACTAGAGTAATGGAGGGGGAACCGGAATTCTCGGTGTAGCAGTGAAATGCATAGATATCACGCAGAACTCCGATTGCGAAGGCAGCATACCAGCGCCCGACTGACGCTGAAGCACGA,example,,,
d__Bacteria,Verrucomicrobiota,Verrucomicrobiae,Verrucomicrobiales,Akkermansiaceae,Akkermansia,NA,583a597f9a9371651aac8f48a2350860,TCCGGATTTATTGGGCGTAAAGCGAGCGCAGGTGGTTTATTAAGTCTGATGTAAAAGGCAGTGGCTCAACCCGCGGACGGCACATGATACTGCGAGACTAGAGTAATGGAGGGGGAACCGGAATTCTCGGTGTAGCAGTGAAATGCGTAGATATCGAGAGGAACACTCGTGGCGAAGGCGGGTTCCTGGACATTAACTGACGCTGAGGCACGA,example,,,
d__Bacteria,Firmicutes,Bacilli,Acholeplasmatales,Acholeplasmataceae,Anaeroplasma,uncultured_bacterium,19d0aa7292988670eaf8f3fc8ab13dbc,TCCGGAATTATTGGGCGTAAAGGGTGCGTAGATGGCATAGTAAGTCTTTTGTAAAAATGCTGGGCTCAACCCAGTAGGGCAAAAGATACTGCAAAGCTAGAGTATGACAGAGGCAAGTGGAACTACATGTGTAGCGGTAAAATGCGTAAATATATGTAAGAACACCAGTGGCGAAGGCGGCTTGCTGGGTCGATACTGACATTGAGGCACGA,example,,,
d__Bacteria,Firmicutes,Bacilli,Acholeplasmatales,Acholeplasmataceae,Anaeroplasma,uncultured_bacterium,7d972c376f480c6466ad9b9e017687db,TCCGGAATTATTGGGCGTAAAGGGTGCGTAGATGGCATAGTAAGTCTTTTGTAAAAATGCTAGGCTCAACCCAGTAGGGCAAAAGATACTGCAAAGCTAGAGTATGACAGAGGCAAGTGGAACTACATGTGTAGCGGTAAAATGCGTAAATATATGTAAGAACACCAGTGGCGAAGGCGGCTTGCTGGGTCGATACTGACATTGAGGCACGA,example,,,
d__Bacteria,Firmicutes,Clostridia,Oscillospirales,Ruminococcaceae,Anaerotruncus,uncultured_bacterium,2be3bbcd8f0ddfa0e88451ca8834748a,TCCGGAATTACTGGGTGTAAAGGGAGCGTAGGCGGGCGAGAAAGTTGAATGTTAAATCTACCGGCTTAACTGGTAGCTGCGTTCAAAACTTCTTGTCTTGAGTGAAGTAGAGGCAGGCGGAATTCCTAGTGTAGCGGTGAAATGCGTAGATATTAGGAGGAACACCAGTGGCGAAGGCGGCCTGCTGGGCTTTAACTGACGCTGAGGCTCGA,example,,,
d__Bacteria,Firmicutes,Clostridia,Oscillospirales,Ruminococcaceae,Anaerotruncus,uncultured_organism,db620319b0e84d56324412c40f919b42,TCCGGAATTACTGGGTGTAAAGGGAGCGTAGGCGGGATGGCAAGTAGAATGTTAAATCCATCGGCTCAACCGGTGGCTGCGTTCTAAACTGCCGTTCTTGAGTGAAGTAGAGGCAGGCGGAATTCCTAGTGTAGCGGTGAAATGCGTAGATATTAGGAGGAACACCAGTGGCGAAGGCGGCCTGCTGGGCTTTAACTGACGCTGAGGCTCGA,example,,,
d__Bacteria,Firmicutes,Clostridia,Oscillospirales,Ruminococcaceae,Anaerotruncus,uncultured_bacterium,636bd8eaa4db2cc46205241d7ce5f802,TCCGGAATTACTGGGTGTAAAGGGAGCGTAGGCGGGGATGCAAGTTGGATGTTTAAACTATCGGCTCAACCGGTAATTGCAACCAAAACTGCAACTCTTGAGTGAAGTAGAGGCAGGCGGAATTCCTAGTGTAGCGGTGAAATGCGTAGATATTAGGAGGAACACCAGTGGCGAAGGCGGCCTGCTGGGCTTTAACTGACGCTGAGGCTCGA,example,,,
d__Bacteria,Firmicutes,Clostridia,Oscillospirales,Ruminococcaceae,Anaerotruncus,uncultured_bacterium,59ff8028435527ae9783fa47b129cb2c,TCCGGAATTACTGGGTGTAAAGGGAGCGTAGGCGGGCGAGAAAGTTGAATGTTAAATCTACCGGCTTAACTGGTAGCTGCGTTCAAAACTTCTTGTCTTGAGTGAAGTAGAGGTAGGCGGAATTCCTAGTGTAGCGGTGAAATGCGTAGATATTAGGAGGAACACCAGTGGCGAAGGCGGCCTGCTGGGCTTTAACTGACGCTGAGGCTCGA,example,,,
d__Bacteria,Firmicutes,Clostridia,Oscillospirales,Ruminococcaceae,Anaerotruncus,uncultured_bacterium,0e9dc7f68691ce626bef7c6fa1bbc17b,TCCGGAATTACTGGGTGTAAAGGGAGCGTAGGCGGGCTTGTAAGTTGAATGTCTAATCCACCGGCTCAACCGGTGATCGCGTTCAAAACTGCAGGTCTTGAGTGAAGTAGAGGCAGGCGGAATTCCTAGTGTAGCGGTGAAATGCGTAGATATTAGGAGGAACACCAGTGGCGAAGGCGGCCTGCTGGGCTTTAACTGACGCTGAGGCTCGA,example,,,
d__Bacteria,Firmicutes,Clostridia,Oscillospirales,Ruminococcaceae,Anaerotruncus,uncultured_organism,07ba3899ef839d2e2f56e091187d258b,TCCGGAATTACTGGGTGTAAAGGGAGCGTAGGCGTGATGGCAAGTAGAATGTTAAATCCATCGGCTCAACCGGTGGCTGCGTTCTAAACTGCCGTTCTTGAGTGAAGTAGAGGCAGGCGGAATTCCTAGTGTAGCGGTGAAATGCGTAGATATTAGGAGGAACACCAGTGGCGAAGGCGGCCTGCTGGGCTTTAACTGACGCTGAGGCTCGA,example,,,
d__Bacteria,Firmicutes,Clostridia,Lachnospirales,Lachnospiraceae,Blautia,Lachnospiraceae_bacterium,6db1aee9225c751a98c5303ae3c6936b,TCCGGATTTACTGGGTGTAAAGGGGGCGCAGACGGCGATGCAAGCCAGGAGTGAAAGCCCGGGGCCCAACCCCGGGACTGCTCTTGGAACTGCGTGGCTGGAGTGCAGGAGGGGCAGGCGGAATTCCTGGTGTAGCGGTGAAATGCGTAGATATCAGGAGGAACACCGGTGGCGAAGGCGGCCTGCTGGACTGCAACTGACGTTGAGGCCCGA,example,,,
d__Bacteria,Firmicutes,Clostridia,Lachnospirales,Lachnospiraceae,Blautia,Lachnospiraceae_bacterium,ba18c30bacd855afeaf114c683a1ccfc,TCCGGATTTACTGGGTGTAAAGGGGGCGCAGACGGCAGCGCAAGCCAGGAGTGAAAGCCCGGGGCCCAACCCCGGGACTGCTCTTGGAACTGCGCGGCTGGAGTGCAGGAGGGGCAGGCGGAATTCCTGGTGTAGCGGTGAAATGCGTAGATATCAGGAGGAACACCGGTGGCGAAGGCGGCCTGCTGGACTGCGACTGACGTTGAGGCCCGA,example,,,
d__Bacteria,Firmicutes,Clostridia,Lachnospirales,Lachnospiraceae,Blautia,Lachnospiraceae_bacterium,5cd9648285c4cd674f4f90e68577a59e,TCCGGATTTACTGGGTGTAAAGGGGGCGCAGACGGCAATGCAAGCCAGGAGTGAAAGCCCGGGGCCCAACCCCGGGACTGCTCTTGGAACTGCATGGCTGGAGTACAGGAGGGGCAGGCGGAATTCCTAGTGTAGCGGTGAAATGCGTAGATATTAGGAGGAACACCGGTGGCGAAGGCGGCCTGCTGGACTGTGACTGACGTTGAGGCCCGA,example,,,
d__Bacteria,Firmicutes,Clostridia,Lachnospirales,Lachnospiraceae,Blautia,NA,9881b81cc560243dc94427ace260760c,TCCGGATTTACTGGGTGTAAAGGGAGCGTAGACGGAAGAGCAAGTCTGATGTGAAAGGCTGGGGCTTAACCCCAGGACTGCATTGGAAACTGTTTTTCTAGAGTGCCGGAGAGGTAAGCGGAATTCCTAGTGTAGCGGTGAAATGCGTAGATATTAGGAGGAACACCAGTGGCGAAGGCGGCTTACTGGACGGTAACTGACGTTGAGGCTCGA,example,,,
d__Bacteria,Firmicutes,Clostridia,Lachnospirales,Lachnospiraceae,Blautia,Lachnospiraceae_bacterium,854d2fc54a6c7e7aa2c0c49ea912283d,TCCGGATTTACTGGGTGTAAAGGGGGCGCAGACGGCGATGCAAGCCAGGAGTGAAAGCCCGGGGCCCAACCCCGGGACTGCTCTTGGGACTGCGTGGCTGGAGTGCAGGAGGGGCAGGCGGAATTCCTGGTGTAGCGGTGAAATGCGTAGATATCAGGAGGAACACCGGTGGCGAAGGCGGCCTGCTGGACTGCAACTGACGTTGAGGCCCGA,example,,,
d__Bacteria,Firmicutes,Clostridia,Lachnospirales,Lachnospiraceae,Blautia,Lachnospiraceae_bacterium,e38ac535de92b1d789bea1fa714e0976,TCCGGATTTACTGGGTGTAAAGGGGGCGCAGACGGCGATGCAAGCCAGGAGTGAAAGCCCGGGGCCCAACCCCGGGACTGCTCTTGGAACTGCGTGGCTAGAGTGCAGGAGGGGCAGGCGGAATTCCTGGTGTAGCGGTGAAATGCGTAGATATCAGGAGGAACACCGGTGGCGAAGGCGGCCTGCTGGACTGCAACTGACGTTGAGGCCCGA,example,,,
d__Bacteria,Firmicutes,Clostridia,Lachnospirales,Lachnospiraceae,Blautia,unidentified,9205d093d4df34d979e3468b6fd418bc,TCCGGAATTACTGGGTGTAAAGGGAGCGTAGACGGCGAGGTAAGCCTGAAGTGGAAGCCCGCGGCCCAACCGCGGAACTGCTTTGGGAACTGTTTTGCTGGAGTATGGGAGGGGTAAGCGGAATTCCTGGTGTAGCGGTGAAATGCGTAGATATCAGGAGGAACACCGGTGGCGAAGGCGGCTTACTGGACCATAACTGACGTTGAGGCTCGA,example,,,
d__Bacteria,Firmicutes,Clostridia,Lachnospirales,Lachnospiraceae,Blautia,unidentified,ad5b67b9d559503eacbd118f75e75056,TCCGGAATTACTGGGTGTAAAGGGAGCGTAGACGGCAGGGTAAGCCTGGAGTGGAAGCCCGCGGCCCAACCGCGGAACTGCTTTGGGAACTGCCCGGCTGGAGTATGGGAGGGGTAAGCGGAATTCCTGGTGTAGCGGTGAAATGCGTAGATATCAGGAGGAACACCGGTGGCGAAGGCGGCTTACTGGACCATAACTGACGTTGAGGCTCGA,example,,,
d__Bacteria,Firmicutes,Clostridia,Lachnospirales,Lachnospiraceae,Blautia,NA,d041ac4e65adac9471975ed9522cc8cf,TCCGGATTTACTGGGTGTAAAGGGAGCGTAGACGGATGGACAAGTCTGATGCGAAAGGCTGGGGCTCAACCCCGGGACTGCATTGGAAACAGCCCGTCTTGAGTGCCGGAGAGGTAAGCGGAATTCCTAGTGTAGCGGTGAAATGCGTAGATATTAGGAGGAACACCAGTGGCGAAGGCGGCTTACTGGACGGTAACTGACGTTGAGGCTCGA,example,,,
d__Bacteria,Firmicutes,Clostridia,Lachnospirales,Lachnospiraceae,Blautia,unidentified,d616399dab06a6b1f3a2230a13983249,TCCGGAATTACTGGGTGTAAAGGGAGCGTAGACGGCGAAGTAAGCCTGAAGTGGAAGCCCGCGGCCCAACCGCGGAACTGCTTTGGGAACTGCTCCGCTTGAGTATGGGAGGGGTAAGCGGAATTCCTGGTGTAGCGGTGAAATGCGTAGATATCAGGAGGAACACCGGTGGCGAAGGCGGCTTACTGGACCATGACTGACGTTGAGGCTCGA,example,,,
d__Bacteria,Firmicutes,Clostridia,Lachnospirales,Lachnospiraceae,Blautia,Blautia_caecimuris,6db6fb9cb595d61e62f2cfd85495f0d4,CCCGGATTTACTGGGTGTAAAGGGAGCGTAGACGGAGCAGCAAGTCTGATGTGAAAGGCGGGGGCTCAACCCCCGGACTGCATTGGAAACTGTTGATCTTGAGTACCGGAGAGGTAAGCGGAATTCCTAGTGTAGCGGTGAAATGCGTAGATATTAGGAGGAACACCAGTGGCGAAGGCGGCTTACTGGACGGTAACTGACGTTGAGGCTCGA,example,,,
d__Bacteria,Firmicutes,Clostridia,Lachnospirales,Lachnospiraceae,Blautia,NA,227a2efcba820dd0891369d7a99d35f2,TCCGGATTTACTGGGTGTAAAGGGAGCGTAGACGGAAGAGCAAGTCTGATGTGAAAGGCTGGGGCTCAACCCCAGGACTGCATTGGAAACTGTTTTTCTAGAGTGCCGGAGAGGTAAGCGGAATTCCTAGTGTAGCGGTGAAATGCGTAGATATTAGGAGGAACACCAGTGGCGAAGGCGGCTTACTGGACGGTAACTGACGTTGAGGCTCGA,example,,,
d__Bacteria,Firmicutes,Clostridia,Lachnospirales,Lachnospiraceae,Blautia,NA,a737a49bf8941081107640e04d3a926b,TCCGGATTTACTGGGTGTAAAGGGAGCGTAGACGGTGTTGCAAGTCTGATGTGAAAGGCGGGGGCTCAACCCCTGGACTGCATTGGAAACTGTGATACTCGAGTGCCGGAGAGGTAAGCGGAATTCCTAGTGTAGCGGTGAAATGCGTAGATATTAGGAGGAACACCAGTGGCGAAGGCGGCTTACTGGACGGTAACTGACGTTGAGGCTCGA,example,,,
d__Bacteria,Firmicutes,Clostridia,Lachnospirales,Lachnospiraceae,Blautia,Lachnospiraceae_bacterium,45cec962644b23ee3be7febfc464c2f9,TCCGGATTTACTGGGTGTAAAGGGGGCGCAGACGGCGATGCAAGCCAGGAGTGAAAGCCCGGGGCCCAACCCCGGGACTGCTCTCGGAACTGCGTGGCTGGAGTGCAGGAGGGGCAGGCGGAATTCCTGGTGTAGCGGTGAAATGCGTAGATATCAGGAGGAACACCGGTGGCGAAGGCGGCCTGCTGGACTGCAACTGACGTTGAGGCCCGA,example,,,
d__Bacteria,Firmicutes,Clostridia,Lachnospirales,Lachnospiraceae,Blautia,Lachnospiraceae_bacterium,df4cc97216f287804a1101ff55e3d769,TCCGGATTTACTGGGTGTAAAGGGGGCGCAGACGGCAGTGCAAGCCAGGAGTGAAAGCCCGGGGCCCAACCCCGGGACTGCTCTTGGAACTGCACGGCTGGAGTACAGGAGGGGCAGGCGGAATTCCTAGTGTAGCGGTGAAATGCGTAGATATTAGGAGGAACACCGGTGGCGAAGGCGGCCTGCTGGACTGTGACTGACGTTGAGGCCCGA,example,,,
d__Bacteria,Firmicutes,Clostridia,Lachnospirales,Lachnospiraceae,Blautia,NA,554b143466ae69d8e4a2306d6c69ebc8,TCCGGATTTACTGGGTGTAAAGGGAGCGTAGACGGAAGAGCAAGTCTGATGTGAAAGGCTGGGGCTTAACCCCAGGACTGCATTGGAAACTGTTGTTCTAGAGTGCCGGAGAGGTAAGCGGAATTCCTAGTGTAGCGGTGAAATGCGTAGATATTAGGAGGAACACCAGTGGCGAAGGCGGCTTACTGGACGGTAACTGACGTTGAGGCTCGA,example,,,
d__Bacteria,Firmicutes,Clostridia,Lachnospirales,Lachnospiraceae,Blautia,Lachnospiraceae_bacterium,c3119e8d0ee03ee1850c397866381bdd,TCCGGATTTACTGGGTGTAAAGGGGGCGCAGACGGCGATGCAAGCCAGGAGTGAAAGCCCGGGGCCCAACCCCGGGACTGCTCTTGGGACTGCGTGGCTGGAGTGCAGGAGGGGCAGGCGGAATTCCTGGTGTAGCGGTGAAATGCGTAGATATCAGGAGGAACACCGGCGGCGAAGGCGGCCTGCTGGACTGCAACTGACGTTGAGGCCCGA,example,,,
d__Bacteria,Firmicutes,Clostridia,Lachnospirales,Lachnospiraceae,Blautia,Lachnospiraceae_bacterium,5782276dc0523bd0219517eb3f137d3e,TCCGGATTTACTGGGTGTAAAGGGGGCGCAGACGGCGATGCAAGCCAGGAGTGAGAGCCCGGGGCCCAACCCCGGGACTGCTCTTGGAACTGCGTGGCTGGAGTGCAGGAGGGGCAGGCGGAATTCCTGGTGTAGCGGTGAAATGCGTAGATATCAGGAGGAACACCGGTGGCGAAGGCGGCCTGCTGGACTGCAACTGACGTTGAGGCCCGA,example,,,
d__Bacteria,Firmicutes,Clostridia,Lachnospirales,Lachnospiraceae,Blautia,Lachnospiraceae_bacterium,a5ed095a9c2aeebf937cbfe39b83713e,TCCGGATTTACTGGGTGTAAAGGGGGCGCAGACGGCGATGCAAGCCAGGAGTGAAAGCCCGGGGCCCAACCCCGGGACTGCTCTTGGGACTGCGTGGCTGGAGTGCAGGAGGGGCAGGCGGAATTCCTGGTGTAGCGGTGAAATGTGTAGATATCAGGAGGAACACCGGTGGCGAAGGCGGCCTGCTGGACTGCAACTGACGTTGAGGCCCGA,example,,,
d__Bacteria,Firmicutes,Clostridia,Lachnospirales,Lachnospiraceae,Blautia,NA,6f39d51487ca63fd569e62de345f2f6d,TTCGGAATCACTGGGCGTAAAGCGTGCGTAGGCTGTTACGTAAGTCGTGTGTGAAAGCCCGGGGCCCAACCCCGGGACTGCTCTTGGAACTGCGTGGCTGGAGTGCAGGAGGGGCAGGCGGAATTCCTGGTGTAGCGGTGAAATGCGTAGATATCAGGAGGAACACCGGTGGCGAAGGCGGCCTGCTGGACTGCAACTGACGTTGAGGCCCGA,example,,,
d__Bacteria,Firmicutes,Clostridia,Clostridia_UCG-014,Clostridia_UCG-014,Clostridia_UCG-014,NA,c01eb5b2ad4fb6adf8896b25794eabf2,TCCGGAATTATTGGGTGTAAAGGGTGCGTAGACGGAGGAACAAGTTAGTTGTGAAATCCCTCGGCTTAACTGAGGAACTGCAACTAAAACTATTCCCCTTGAGTGTCGGAGAGGAAAGTGGAATTCCTAGTGTAGCGGTGAAATGCGTAGATATTAGGAGGAACACCAGTGGCGAAGGCGACTTTCTGGACGATAACTGACGTTGAGGCACGA,example,,,
d__Bacteria,Firmicutes,Clostridia,Clostridia_UCG-014,Clostridia_UCG-014,Clostridia_UCG-014,NA,5121d249adce594c77f983e0ac00a895,TCCGGATTTATTGGGTGTAAAGGGTGCGTAGACGGAGAAGCAAGTTAGTTGTGAAATCCCTCGGCTTAACTGAGGAACTGCAACTAAAACTACTTCCCTTGAGTACTGGAGAGGAAAGTGGAATTCCTAGTGTAGCGGTGAAATGCGTAGATATTAGGAGGAACACCAGTGGCGAAGGCGACTTTCTGGACAGTAACTGACGTTGAGGCACGA,example,,,
d__Bacteria,Firmicutes,Clostridia,Clostridia_UCG-014,Clostridia_UCG-014,Clostridia_UCG-014,NA,6b0fd49c5e62b23d1fcdb5cbc6703bd9,TCCGGATTTATTGGGTGTAAAGGGTGCGTAGACGGGAATTTAAGTTAGTTGTGAAATCCCTCGGCTTAACTGAGGAACTGCAACTAAAACTGAATTTCTTGAGTGCGGGAGAGGAAAGTGGAATTCCTAGTGTAGCGGTGAAATGCGTAGATATTAGGAGGAACACCAGTGGCGAAGGCGACTTTCTGGACCGTAACTGACGTTGAGGCACGA,example,,,
d__Bacteria,Firmicutes,Clostridia,Clostridia_UCG-014,Clostridia_UCG-014,Clostridia_UCG-014,uncultured_bacterium,853260df57d9f8f4cc8fa3ad05fdbb30,TCCGGAATTATTGGGTGTAAAGGGTGCGTAGACGGGACAGCAAGTTAGTTGTGAAAGCCCTCGGCTTAACTGAGGAACTGCAACTAAAACTATTGTTCTTGAGTGCAGGAGAGGAAAGCGGAATTCCTAGTGTAGCGGTGAAATGCGTAGATATTAGGAGGAACACCAGTGGCGAAGGCGGCTTTCTGGACTGTAACTGACGTTGAGGCACGA,example,,,
d__Bacteria,Firmicutes,Clostridia,Clostridia_UCG-014,Clostridia_UCG-014,Clostridia_UCG-014,NA,f911bdac0796585b1916d5fb0b8b9d24,TCCGGATTTATTGGGTGTAAAGGGTGCGTAGACGGGAAGGCAAGTTGGTTGTGAAATCCCTCGGCTTAACTGAGGAACTGCAACCAAAACTATCTTTCTTGAGTGCTGGAGAGGAAAGTGGAATTCCTAGTGTAGCGGTGAAATGCGTAGATATTAGGAGGAACACCAGTGGCGAAGGCGACTTTCTGGACAGTAACTGACGTTGAGGCACGA,example,,,
d__Bacteria,Firmicutes,Clostridia,Clostridia_UCG-014,Clostridia_UCG-014,Clostridia_UCG-014,NA,b543785f22dff030aa06e27addf2e2e9,TCCGGATTTATTGGGTGTAAAGGGTGCGTAGACGGGAAAACAAGTTAGTTGTGAAATCCCTCAGCTTAACTGAGGAACTGCAACTAAAACTATTTTTCTTGAGTGCTGGAGAGGAAAGTGGAATTCCTAGTGTAGCGGTGAAATGCGTAGATATTAGGAGGAACACCAGTGGCGAAGGCGACTTTCTGGACAGTAACTGACGTTGAGGCACGA,example,,,
d__Bacteria,Firmicutes,Clostridia,Clostridia_UCG-014,Clostridia_UCG-014,Clostridia_UCG-014,NA,613a0657bd396618773898cb2718da6c,TCCGGATTTATTGGGTGTAAAGGGTGCGTAGACGGGAATGCAAGTTGGTTGTGAAATCCCTCGGCTTAACTGAGGAACTGCAACCAAAACTACATTTCTTGAGTGCTGGAGAGGAAAGTGGAATTCCTAGTGTAGCGGTGAAATGCGTAGATATTAGGAGGAACACCAGTGGCGAAGGCGACTTTCTGGACAGTAACTGACGTTGAGGCACGA,example,,,
d__Bacteria,Firmicutes,Clostridia,Clostridia_UCG-014,Clostridia_UCG-014,Clostridia_UCG-014,unidentified,4669de0b9925b87a6985b1271c42722d,TCCGGAATTATTGGGTGTAAAGGGTGCGTAGACGGGATAACAAGTTGGTTGTGAAACCCCTCGGCTTAACTGAGGAACTGCAACCAAAACTATTATTCTTGAGTGCAGGAGAGGAAAGTGGAATTCCTAGTGTAGCGGTGAAATGCGTAGATATTAGGAAGAACACCGGTGGCGAAGGCGACTTTCTGGACTGTAACTGACGTTGAGGCACGA,example,,,
d__Bacteria,Firmicutes,Clostridia,Clostridia_UCG-014,Clostridia_UCG-014,Clostridia_UCG-014,NA,348c5a509955db723a5d565779d258bb,TCCGGATTTATTGGGTGTAAAGAGTGCGTAGACGGGATGGCAAGTTGGTTGTGAAATCCCTCGGCTCAACCGAGGAACTGCAACCAAAACTACTATTCTTGAGTGCTGGAGGGGAAAGTGGAATTCCTAGTGTAGCGGTGAAATGCGTAGATATTAGGAGGAACATCAGTGGCGAAGGCGACTTTCTGGACAGTAACTGACGTTGAGGCACGA,example,,,
d__Bacteria,Firmicutes,Clostridia,Clostridia_UCG-014,Clostridia_UCG-014,Clostridia_UCG-014,NA,e7d4e03580a75be5203693b9221861b5,TCCGGAATTATTGGGTGTAAAGGGTGCGTAGACGGGAAAATAAGTTAGTTGTGAAATCCCTCGGCTCAACTGAGGAACTGCAACTAAAACTGTATTTCTTGAGTGCAGGAGAGGAAAGTGGAATTCCTAGTGTAGCGGTGAAATGCGTAGATATTAGGAGGAACACCAGTGGCGAAGGCGACTTTCTGGACTGCAACTGACGTTGAGGCACGA,example,,,
d__Bacteria,Firmicutes,Clostridia,Clostridia_UCG-014,Clostridia_UCG-014,Clostridia_UCG-014,NA,1d05468dad926f0e7ed07891077c820a,TCCGGAATTATTGGGTGTAAAGGGTGCGTAGACGGGAAAGCAAGTTAGTTGTGAAATCCCTCGGCTTAACTGAGGAACTGCAACTAAAACTACTTTTCTTGAGTGCAGGAGAGGTAAGTGGAATTCCTAGTGTAGCGGTGAAATGCGTAGATATTAGGAGGAACACCAGTGGCGAAGGCGACTTACTGGACTGTAACTGACGTTGAGGCACGA,example,,,
d__Bacteria,Firmicutes,Clostridia,Clostridia_UCG-014,Clostridia_UCG-014,Clostridia_UCG-014,NA,f3a4b8294471d1202524f85cc3c4d43f,TCCGGATTTATTGGGTGTAAAGGGTGCGTAGACGGGTATATAAGTTAGTTGTGAAATCCCTCGGCTCAACTGAGGAACTGCAACTAAAACTGTAAATCTTGAGTGCGGGAGAGGAAAGTGGAATTCCTAGTGTAGCGGTGAAATGCGTAGATATTAGGAGGAACACCAGTGGCGAAGGCGACTTTCTGGACCGTAACTGACGTTGAGGCACGA,example,,,
d__Bacteria,Firmicutes,Clostridia,Clostridia_UCG-014,Clostridia_UCG-014,Clostridia_UCG-014,uncultured_Clostridiales,44df26fafe6a55042a63ecd20352ac33,TCCGGAATTATTGGGTGTAAAGGGTGCGTAGACGGGAATACAAGTTAGTTGTGAAATCCCTCGGCTTAACTGAGGAACTGCAACTAAAACTATATTTCTTGAGTGCAGGAGAGGTAAGTGGAATTCCTAGTGTAGCGGTGAAATGCGTAGATATTAGGAGGAACACCAGTGGCGAAGGCGACTTACTGGACTGTAACTGACGTTGAGGCACGA,example,,,
d__Bacteria,Firmicutes,Clostridia,Clostridia_UCG-014,Clostridia_UCG-014,Clostridia_UCG-014,NA,26d481be2a3506cafbd3598bd9dc8038,TCCGGATTTATTGGGTGTAAAGGGTGCGTAGACGGGTTGTTAAGTTAGTTGTGAAATCCCTCGGCTCAACTGAGGAACTGCAACTAAAACTGGCAATCTTGAGTGTTGGAGAGGAAAGCGGAATTCCTAGTGTAGCGGTGAAATGCGTAGATATTAGGAGGAACACCAGTGGCGAAGGCGGCTTTCTGGACAATAACTGACGTTGAGGCACGA,example,,,
d__Bacteria,Firmicutes,Clostridia,Clostridia_UCG-014,Clostridia_UCG-014,Clostridia_UCG-014,NA,74f41b87619d8c63a77e3915c8739663,TCCGGATTTATTGGGTGTAAAGGGTGCGTAGACGGGAAATTAAGTTAGTTGTGAAATCCCTCGGCTCAACCGAGGAACTGCAACTAAAACTGATATTCTTGAGTACTGGAGAGGAAAGTGGAATTCCTAGTGTAGCGGTGAAATGCGTAGATATTAGGAGGAACACCAGTGGCGAAGGCGACTTTCTGGACAGAAACTGACGTTGAGGCACGA,example,,,
d__Bacteria,Firmicutes,Clostridia,Clostridia_UCG-014,Clostridia_UCG-014,Clostridia_UCG-014,NA,f93b93813d853c0bddbd8b3edf37bc46,TCCGGATTTATTGGGTGTAAAGGGTGCGTAGACGGGTTAGCAAGTTAGTTGTGAAATCCCTCGGCTTAACTGAGGAACTGCAACTAAAACTGTTAATCTTGAGTGCAGGAGAGGTAAGTGGAATTCCTAGTGTAGCGGTGAAATGCGTAGATATTAGGAGGAACACCAGTGGCGAAGGCGACTTACTGGACTGTAACTGACGTTGAGGCACGA,example,,,
d__Bacteria,Firmicutes,Clostridia,Clostridia_vadinBB60_group,Clostridia_vadinBB60_group,Clostridia_vadinBB60_group,unidentified,85c7e2d475a0800be67a7b9dda2173c2,TCCGGAATGACTGGGCGTAAAGGGTGCGTAGGTGGTTTGGCAAGTTGGTAGCGTAATTCCGGGGCTCAACCTCGGCGCTACTACCAAAACTGCTGGACTTGAGTGCAGGAGGGGTGAATGGAATTCCTAGTGTAGCGGTGGAATGCGTAGATATTAGGAAGAACACCAGCGGCGAAGGCGATTCACTGGACTGTAACTGACACTGAGGCACGA,example,,,
d__Bacteria,Firmicutes,Clostridia,Clostridia_vadinBB60_group,Clostridia_vadinBB60_group,Clostridia_vadinBB60_group,NA,8148f6f73f28c0f9416620563d4e2fc4,TCCGGAATGACTGGGCGTAAAGGGTGCGTAGGTGGTTTGACAAGTTGGTAGCGTAACTCCGAGGCTTAACCTCGGCACTACTACCAAAACTGTTGGACTCGAGTGCAGGAGGGGCAAATGGAATTCCTAGTGTAGCGGTGGAATGCGTAGATATTAGGAGGAACACCAGTGGCGAAGGCGATTTGCTGGACTGTAACTGACACTGAGGCACGA,example,,,
d__Bacteria,Firmicutes,Clostridia,Clostridia_vadinBB60_group,Clostridia_vadinBB60_group,Clostridia_vadinBB60_group,uncultured_bacterium,fd67dad8edd42f6e7ebcb11bee241dc3,TCCGGAATGACTGGGCGTAAAGGGAGTGTAGGCGGCATATTAAGTTATGTGTGAAAGCCCGCGGCTCAACCGCGGAATTGCACATAAAACTGGTAAGCTGGAGTGCAGGAGAGGTAAGTGGAATTCCCGGTGTAGCGGTGGAATGCGTAGATATCGGGAGGAACACCAGAGGCGAAGGCGACTTACTGGACTGTAACTGACGCTGAGGCTCGA,example,,,
d__Bacteria,Firmicutes,Clostridia,Clostridia_vadinBB60_group,Clostridia_vadinBB60_group,Clostridia_vadinBB60_group,unidentified,0f18d28b1292199440e95ad6da9da32b,TCCGGAATGACTGGGCGTAAAGGGTGCGTAGGTGGTTTGACAAGTTGGTAGCGTAACTCCGGGGCTCAACCTCGGATCTACTACCAAAACTGTTGGGCTTGAGTGCAGGAGGGGTGAATGGAATTCCTAGTGTAGCGGTGGAATGCGTAGATATTAGGAGGAACACCAGCGGCGAAGGCGATTCACTGGACTGTAACTGACACTGAGGCACGA,example,,,
d__Bacteria,Firmicutes,Clostridia,Clostridia_vadinBB60_group,Clostridia_vadinBB60_group,Clostridia_vadinBB60_group,unidentified,f81d1bddd40bc6d319c8b5cae5342e18,TCCGGAATGACTGGGCGTAAAGGGTGCGTAGGTGGTTTGGCAAGTTAGTAGCGTAACCCCGGGGCTCAACCTCGGAACTACTACTAAAACTGTCGGACTTGAGTGCAGGAGGGGCAATTGGAATTCCTAGTGTAGCGGTGGAATGCGTAGATATTAGGAGGAACACCAGTGGCGAAGGCGAATTGCTGGACTGTAACTGACACTGAGGCACGA,example,,,
d__Bacteria,Firmicutes,Clostridia,Clostridia_vadinBB60_group,Clostridia_vadinBB60_group,Clostridia_vadinBB60_group,unidentified,4cedd90c9591166c9a398bd2a96113d8,TCCGGAATGACTGGGCGTAAAGGGTGCGTAGGTGGTTTGACAAGTTAGTAGCGCAACTCCGGAGCTTAACTTCGGAACTACTACTAAAACTGTTGGACTTGAGTGCAGGAGGGGCAATCGGAATTCCTAGTGTAGCGGTGGAATGCGTAGATATTAGGAGGAACACCAGTGGCGAAGGCGGATTGCTAGACTGTAACTGACACTGAGGCACGA,example,,,
d__Bacteria,Firmicutes,Clostridia,Clostridia_vadinBB60_group,Clostridia_vadinBB60_group,Clostridia_vadinBB60_group,unidentified,54772ec8c31f7a1af42f7b42adda1d46,TCCGGAATGACTGGGCGTAAAGGGTGCGTAGGTGGTTCAGCAAGTTAGTAGCGTAACTCCGGGGCTCAACCTCGGCACTACTACTAAAACTGTTGGACTTGAGTGCAGGAGGGGCAACTGGAATTCCTAGTGTAGCGGTGGAATGCGTAGATATTAGGAAGAACACCAGTAGCGAAGGCGAGTTGCTGGACTGTAACTGACACTGAGGCACGA,example,,,
d__Bacteria,Firmicutes,Clostridia,Clostridia_vadinBB60_group,Clostridia_vadinBB60_group,Clostridia_vadinBB60_group,unidentified,60d9a0c087e0fef84830d3372a7a4bca,TCCGGAATGACTGGGCGTAAAGGGTGCGTAGGTGGTTTGACAAGTTGGTAGCGTAATTCCGAGGCTCAACCTCGGCACTACTACCAAAACTGTTGGACTTGAGTGCAGGAGGGGCAACTGGAATTCCTAGTGTAGCGGTGGAATGCGTAGATATTAGGAGGAACACCAGTGGCGAAGGCGAGTTGCTGGACTGTAACTGACACTGAGGCACGA,example,,,
d__Bacteria,Firmicutes,Clostridia,Clostridia_vadinBB60_group,Clostridia_vadinBB60_group,Clostridia_vadinBB60_group,uncultured_bacterium,9e8da4412df70253cf68fc1fddac4547,TTCGGAATGACTGGGCGTAAAGGGTGCGTAGGCGGTGTAGCAAGTTAGAAGTGAAATACCTAGAGCTTAACTCAGGTGCTGCTTCTAAAACTGCTATACTTGAGTGCAGTAGAGGAAAGTGGAATTCCTAGTGTAGCGGTGGAATGCGTAGATATTAGGAGGAACATCAGTGGCGAAGGCGACTTTCTGGACTGTAACTGACGCTGAGGCACGA,example,,,
d__Bacteria,Firmicutes,Clostridia,Clostridia_vadinBB60_group,Clostridia_vadinBB60_group,Clostridia_vadinBB60_group,unidentified,c8b96c5ae1b36f1650535a0e03fc15f2,TCCGGAATGACTGGGCGTAAAGGGTGCGTAGGTGGTTTGATAAGTTAGTAGCGCAACTCCGAAGCTCAACTTCGGAACTACTACTAAAACTGTCGGACTTGAGTGCAGAAGGGGCAACCGGAATTCCTAGTGTAGCGGTGGAATGCGTAGATATTAGGAGGAACACCAGTGGCGAAGGCGGGTTGCTAGGCTGTAACTGACACTGAGGCACGA,example,,,
d__Bacteria,Firmicutes,Clostridia,Clostridia_vadinBB60_group,Clostridia_vadinBB60_group,Clostridia_vadinBB60_group,NA,c21896000cffb69e89de49ee3aa6a2e4,TCCGGAATGACTGGGCGTAAAGGGTGCGTAGGTGGTTTGACAAGTTGGTAGCGTAACTCCGAGGCTTAACCTCGGCACTACTACCAAAACTGTTGGACTCGAGTGCAGGAGGGGCAAATGGAATTCCTAGTGTAGCGGTAGAATGCGTAGATATTAGGAGGAACACCAGTGGCGAAGGCGATTTGCTGGACTGTAACTGACACTGAGGCACGA,example,,,
d__Bacteria,Firmicutes,Clostridia,Clostridia_vadinBB60_group,Clostridia_vadinBB60_group,Clostridia_vadinBB60_group,unidentified,29f102edc22ddbb2134220a38aacd655,TCCGGAATGACTGGGCGTAAAGGGTGCGTAGGTGGTTTGGCAAGTTAGTAGCGTAACCCCGGGGCTCAACCTCGGAACTACTACTAAAACTGTCGGACTTGAGTGCAGGAGGGGCAATTGGAATTCCTAGTGTAGCGGTTGAATGCGTAGATATTAGGAGGAACACCAGTGGCGAAGGCGAATTGCTGGACTGTAACTGACACTGAGGCACGA,example,,,
d__Bacteria,Firmicutes,Clostridia,Clostridia_vadinBB60_group,Clostridia_vadinBB60_group,Clostridia_vadinBB60_group,NA,3a229e8a285d4cf0b94787f87d60f9f4,TCCGGAATTACTGGGCGTAAAGGGAGTGTAGACGGCTTGTCAAGTTAAGTGTGAAAGCCCGCGGCTTAACCGTGGAATTGCACTTAAAACTGGCTCGCTAGAGTGCAGGAGAGGTGAGCGGAATTCCTAGTGTAGCGGTGGAATGCGTAGATATTAGGAGGAACACCAGAGGCGAAGGCGGCTCACTGGACTGTAACTGACGTTGAGGCTCGA,example,,,
d__Bacteria,Firmicutes,Clostridia,Clostridia_vadinBB60_group,Clostridia_vadinBB60_group,Clostridia_vadinBB60_group,unidentified,b89a58f026bbe691fe2899b5e263f707,TCCGGAATGACTGGGCGTAAAGGGTGCGTAGGTGGTTTGACAAGTTAGTAGCGTAATTCCGGGGCTCAACTTCGGAACTACTACTAAAACTGTTGGGCTTGAGTGCAGGAGAGGTGAATGGAATTCCTAGTGTAGCGGTGGAATGCGTAGATATTAGGAGGAACACCAGCGGCGAAAGCGATTCACTGGACTGTAACTGACACTGAGGCACGA,example,,,
d__Bacteria,Firmicutes,Clostridia,Clostridia_vadinBB60_group,Clostridia_vadinBB60_group,Clostridia_vadinBB60_group,uncultured_Clostridia,a28ae6896b188d70fdb9e016ef3281cd,TCCGGATTTATTGGGTTTAAAGGGTGCGCAGGCGGATGGTCAAGTCAGCGGTCAAATCACGGGGCTCGACCTCAGCGCTACTACCAAAACTGCTGGACTTGAGTGCAGGAGGGGTGAATGGAATTCCTAGTGTAGCGGTGGAATGCGTAGATATTAGGAAGAACACCAGCGGCGAAGGCGATTCACTGGACTGTAACTGACACTGAGGCACGA,example,,,
d__Bacteria,Firmicutes,Clostridia,Oscillospirales,Oscillospiraceae,Colidextribacter,NA,6ca07a7494dca5c175a2eccefe0a0c02,TCCGGATTTACTGGGTGTAAAGGGCGTGTAGGCGGGAAAGCAAGTCAGATGTGAAAACCATGGGCTCAACCTGTGGCCTGCATTTGAAACTGTTTTTCTTGAGTACTGGAGAGGCAGACGGAATTCCTAGTGTAGCGGTGAAATGCGTAGATATTAGGAGGAACACCAGTGGCGAAGGCGGTCTGCTGGACAGCAACTGACGCTGAGGCGCGA,example,,,
d__Bacteria,Firmicutes,Clostridia,Oscillospirales,Oscillospiraceae,Colidextribacter,NA,1f058e7555b255e446a093bc65de1cb6,TCCGGATTTACTGGGTGTAAAGGGCGTGTAGGCGGGACTGCAAGTCAGATGTGAAAACCACGGGCTCAACCTGTGGCCTGCATTTGAAACTGTAGTTCTTGAGTACTGGAGAGGCAGACGGAATTCCTAGTGTAGCGGTGAAATGCGTAGATATTAGGAGGAACACCAGTGGCGAAGGCGGTCTGCTGGACAGCAACTGACGCTGAGGCGCGA,example,,,
d__Bacteria,Firmicutes,Clostridia,Oscillospirales,Oscillospiraceae,Colidextribacter,NA,1f0fba24d10f31d20913fa06a1ae8e15,TCCGGATTTACTGGGTGTAAAGGGCGTGTAGGCGGGAAAGCAAGTCAGATGTGAAAACCATGGGCTCAACCTGTGGCCTGCATTTGAAACTGTTTTTCTTGAGTACTGGAGAGGCAGACGGAATTCCTAGTGTAGCGGTAAAATGCGTAGATATTAGGAGGAACACCAGTGGCGAAGGCGGTCTGCTGGACAGCAACTGACGCTGAGGCGCGA,example,,,
d__Bacteria,Firmicutes,Clostridia,Oscillospirales,Oscillospiraceae,Colidextribacter,NA,aa3a312da70195b188b2a6cda96b7e61,TCCGGATTTACTGGGTGTAAAGGGCGTGTAGGCGGGGACGCAAGTCAGATGTGAAAACCACGGGCTCAACCTGTGGCCTGCATTTGAAACTGTGTTTCTTGAGTACTGGAGAGGCAGACGGAATTCCTAGTGTAGCGGTGGAATGCGTAGATATTAGGAGGAACACCAGTGGCGAAGGCGGTCTGCTGGACAGCAACTGACGCTGAGGCGCGA,example,,,
d__Bacteria,Firmicutes,Clostridia,Oscillospirales,Oscillospiraceae,Colidextribacter,uncultured_bacterium,02437138e0250a017882a54e00813dae,TCCGGATTTACTGGGTGTAAAGGGCGTGTAGGCGGGAGAGCAAGTCAGATGTGAAAACTACAGGCTTAACCTGTAGCCTGCATTTGAAACTGTTCTTCTTGAGTGATGGAGAGGCAGGCGGAATTCCTAGTGTAGCGGTGAAATGCGTAGATATTAGGAGGAACACCAGTGGCGAAGGCGGCCTGCTGGACATTAACTGACGCTGAGGCGCGA,example,,,
d__Bacteria,Firmicutes,Clostridia,Oscillospirales,Oscillospiraceae,Colidextribacter,NA,05d34424847e19b0e3ca495ce9fb571b,TCCGGATTTACTGGGTGTAAAGGGCGTGTAGGCGGGACTGCAAGTCAGATGTGAAAACCATGGGCTCAACCTGTGGCCTGCATTTGAAACTGTAGTTCTTGAGTACTGGAGAGGCAGACGGAATTCCTAGTGTAGCGGTGAAATGCGTAGATATTAGGAGGAACACCAGTGGCGAAGGCGGTCTGCTGGACAGCAACTGACGCTGAGGCGCGA,example,,,
d__Bacteria,Bacteroidota,Bacteroidia,Bacteroidales,Dysgonomonadaceae,Dysgonomonas,Dysgonomonas_termitidis,721bfa28fd424cb6fb593fbed106aa39,TCCGGATTTATTGGGTTTAAAGGGTGCGCAGGCGGGCTTTTAAGTCAGCGGTGAAATCTCGGGGCTTAACTCCGAAACTGCCGTTGAAACTGGGAGTCTTGAGTATGGATGAAGTAGGCGGAATTCGTTGTGTAGCGGTGACATGCTTAGATATAACGAGGAACTCCGATTGCGTAGGCAGCTTACTAAGCCATAACTGACGCTCAAGCACGA,example,,,
d__Bacteria,Bacteroidota,Bacteroidia,Bacteroidales,Dysgonomonadaceae,Dysgonomonas,Dysgonomonas_termitidis,8265a7a7a638c8b9005c4ac182732cb9,TCCGGATTTATTGGGTTTAAAGGGTGCGCAGGCGGGCTTTTAAGTCAGCGGTGAAATCTCGGGGCTTAACTCCGAGACTGCCGTTGAAACTGGGAGTCTTGAGTATGGATGAAGTAGGCGGAATTCGTTGTGTAGCGGTGACATGCTTAGATATAACGAGGAACTCCGATTGCGTAGGCAGCTTACTAAGCCATAACTGACGCTCAAGCACGA,example,,,
d__Bacteria,Actinobacteriota,Coriobacteriia,Coriobacteriales,Eggerthellaceae,Eggerthella,uncultured_bacterium,a7eb4eea43ab3df2d8e9677cf7aa7b18,TCCGGATTCATTGGGCGTAAAGAGCGCGTAGGCGGCCTCTCAAGCGGGATCTCTAATCCGAGGGCTCAACCCCCGGCCGGATCCCGAACTGGGAGGCTCGAGTTCGGTAGAGGCAGGCGGAATTCCCGGTGTAGCGGTGGAATGCGCAGATATCGGGAAGAACACCGATGGCGAAGGCAGCCTGCTGGGCCGCAACTGACGCTGAGGCGCGA,example,,,
d__Bacteria,Actinobacteriota,Coriobacteriia,Coriobacteriales,Eggerthellaceae,Eggerthella,NA,9c564b294f9d6d7a628dd27e7d9b63e5,TCCGGATTCATTGGGCGTAAAGAGCGCGTAGGCGGCCTCTCAAGCGGGATCTCTAATCCGAGGGCTCAACCCCCGGCCGGATCCCGAACTGGGAGGCTCGAGTTCGGTAGAGGCAGGCGGAATTCCCGGTGTAGCGGTGGAATGCGCAGATATCACGCAGAACTCCAATTGCGAAGGCTGCTTACTAAACTATAACTGTCACTGAAGCACGA,example,,,
d__Bacteria,Actinobacteriota,Coriobacteriia,Coriobacteriales,Eggerthellaceae,Eggerthella,NA,40a5811c473894943c397788a6cba747,TCCGGATTTGTTGGGTTTAAAGGGTGCGTAGGCGGACTGTCAAGTCAGCGGTAAAATACGGGGGCTCAACCCCCGGCCGGATCCCGAACTGGGAGGCTCGAGTTCGGTAGAGGCAGGCGGAATTCCCGGTGTAGCGGTGGAATGCGCAGATATCGGGAAGAACACCGATGGCGAAGGCAGCCTGCTGGGCCGCAACTGACGCTGAGGCGCGA,example,,,
d__Bacteria,Actinobacteriota,Coriobacteriia,Coriobacteriales,Eggerthellaceae,Enterorhabdus,uncultured_bacterium,efd851bd46f63aee673f2e405a7c2e0b,TCCGGATTCATTGGGCGTAAAGCGCGCGCAGGCGGACCGTTAAGCGGGACCTCTAATCTCAGGGCTCAACCTTGAGCCGGGTCCCGAACTGGCGTGTCTCGAGTTCGGTAGGGGAGATCGGAATTCCCGGTGTAGCGGTGGAATGCGCAGATATCGGGAAGAACACCGATGGCGAAGGCAGATCTCTGGGCCGCAACTGACGCTGAGGCGCGA,example,,,
d__Bacteria,Actinobacteriota,Coriobacteriia,Coriobacteriales,Eggerthellaceae,Enterorhabdus,uncultured_bacterium,4fbef7bfdba0cf8283075ee77efb96f7,TCCGGATTCATTGGGCGTAAAGCGCGCGTAGGCGGCCCGCTAAGCGGGACCTCTAACCTGGGGGCTCAACCTCCAGCCGGGTCCCGAACTGGCGAGCTCGAGTGCGGTAGGGGCAGGCGGAATTCCCGGTGTAGCGGTGGAATGCGCAGATATCGGGAAGAACACCGATGGCGAAGGCAGCCTGCTGGGCCGACACTGACGCTGAGGCGCGA,example,,,
d__Bacteria,Firmicutes,Bacilli,Erysipelotrichales,Erysipelatoclostridiaceae,Erysipelatoclostridium,NA,82150a9259462fe55aa3bf8d4d7c0e21,TCCGGAATTATTGGGCGTAAAGAGGGAGCAGGCGGCAGCAAAGGTCTGTGGTGAAAGACTGAAGCTTAACTTCAGTAAGCCATAGAAACCGGGCAGCTAGAGTGCAGGAGAGGATCGTGGAATTCCATGTGTAGCGGTGAAATGCGTAGATATATGGAGGAACACCAGTGGCGAAGGCGACGATCTGGCCTGCAACTGACGCTCAGTCCCGA,example,,,
d__Bacteria,Firmicutes,Bacilli,Erysipelotrichales,Erysipelatoclostridiaceae,Erysipelatoclostridium,unidentified,5ad77666f830fcaa1e9a2cc68249b05a,TCCGGAATCATTGGGCGTAAAGAGGGAGCAGGCGGCCTGGAGGGTCTATTGTTAAAAGGCAGTGGCTTAACCATTGCAAGGCGAAGAAACCGGCAGGCTAGAGTTCTAAAGAGGATCGTGGAATTCCATGTGTAGCGGTGAAATGCGTAGATATATGGAGGAACACCAGTGGCGAAGGCGACGATCTGGGAAGAAACAGACGCTGAGTCCCGA,example,,,
d__Bacteria,Firmicutes,Bacilli,Erysipelotrichales,Erysipelatoclostridiaceae,Erysipelatoclostridium,NA,3608225b712b8bec50dc94a73dca1344,TCCGGAATTATTGGGCGTAAAGAGGGAGCAGGCGGCAGCAAAGGTCTGTGGTGAAAGACTGAAGCTTAACTTCAGTAAGCCATAGAAACCGGGCAGCTAGAGTGCAGGAGAGGATCGTGGAATTCCATGTGTAGCGGTGAAATGCGTAGATATATGGAGGAACACCAGTGGCGAAGGTGGCTTACTGGACCGTAACTGACGTTGAGGCTCGA,example,,,
d__Bacteria,Firmicutes,Bacilli,Erysipelotrichales,Erysipelatoclostridiaceae,Erysipelatoclostridium,uncultured_bacterium,f89b007bf54c13872ce99cfb40888a07,TCCGGAATTATTGGGCGTAAAGAGGGAGCAGGCGGCAGCAAAGGTCTGTGGTGAAAGACTGAAGCTTAACTTCAGTAAGCCATAGAAACCGGGCAGCTAGAGTGCAGGAGAGGATCGTGGAATTCCATGTGTGGCGGTGAAATGCGTAGATATTAGGAGGAACACCAGTGGCGAAGGCGGCTTACTGGACGGCAACTGACGCTGAGGCTCGA,example,,,
d__Bacteria,Firmicutes,Bacilli,Erysipelotrichales,Erysipelatoclostridiaceae,Erysipelatoclostridium,NA,495a1de46d0524c4b59bc70064a57125,TCCGGAATTATTGGGCGTAAAGAGGGAGCAGGCGGCAGCAAAGGTCTGTGGTGAAAGACTGAAGCTTAACTTCAGTAAGCCATAGAAACCGGGCAGCTAGAGTGCAGGAGAGGATCGTGGAATTCCATGTGTAGCGGTGAAATGCATAGATATCACGCAGAACTCCGATTGCGAAGGCAGCGCACCGGCGCCCTACTGACGTTCAGGCACGA,example,,,
d__Bacteria,Firmicutes,Clostridia,Lachnospirales,Lachnospiraceae,GCA-900066575,uncultured_bacterium,b33cef2fe90950ad71ed274121fa0c8b,TCCGGATTTACTGGGTGTAAAGGGAGCGTAGGCGGCGATGCAAGTCAGAAGTGAAAGCCCGGGGCTCAACTCCGGGACTGCTTTTGAAACTGTGTTGCTAGATTGCAGGAGAGGTAAGTGGAATTCCTAGTGTAGCGGTGAAATGCGTAGATATTAGGAGGAACACCAGTGGCGAAGGCGGCTTACTGGACTGTAAATGACGCTGAGGCTCGA,example,,,
d__Bacteria,Firmicutes,Clostridia,Lachnospirales,Lachnospiraceae,GCA-900066575,uncultured_bacterium,c5b7a13a8fb857fba5a799fb89ba4fa0,TCCGGATTTACTGGGTGTAAAGGGAGCGTAGGCGGTGCAGCAAGTCAGAAGTGAAAGCCCGGGGCTCAACTCCGGGACTGCTTTTGAAACTGTTGAACTAGATTGCAGGAGAGGTAAGTGGAATTCCTAGTGTAGCGGTGAAATGCGTAGATATTAGGAGGAACACCAGTGGCGAAGGCGGCTTACTGGACTGTAAATGACGCTGAGGCTCGA,example,,,
d__Bacteria,Firmicutes,Clostridia,Lachnospirales,Lachnospiraceae,GCA-900066575,uncultured_bacterium,cfbee8157d553f9288a64044c2039dd9,TCCGGATTTACTGGGTGTAAAGGGAGCGTAGGCGGTTTAGCAAGTCAGAAGTGAAAGCCCGGGGCTCAACTCCGGGACTGCTTTTGAAACTGTTGAACTAGATTGCAGGAGAGGTAAGTGGAATTCCTAGTGTAGCGGTGAAATGCGTAGATATTAGGAGGAACACCAGTGGCGAAGGCGGCTTACTGGACTGTAAATGACGCTGAGGCTCGA,example,,,
d__Bacteria,Firmicutes,Clostridia,Lachnospirales,Lachnospiraceae,GCA-900066575,uncultured_bacterium,a02276bc15425af11aa0029c06d88378,TCCGGATTTACTGGGTGTAAAGGGAGCGTAGGCGGTGATGCAAGTCAGAAGTGAAAGCCCGCAGCTCAACTGCGGGACTGCTTTTGAAACTGTATGACTAGATTGCAGGAGAGGTAAGTGGAATTCCTAGTGTAGCGGTGAAATGCGTAGATATTAGGAGGAACACCAGTGGCGAAGGCGGCTTACTGGACTGTAAATGACGCTGAGGCTCGA,example,,,
d__Bacteria,Firmicutes,Clostridia,Lachnospirales,Lachnospiraceae,GCA-900066575,uncultured_bacterium,eaff5cc96b180be59e596632e1dd3b3e,TCCGGATTTACTGGGTGTAAAGGGAGCGTAGGCGGCAAGGTAAGCCAGAAGTGAAAGCCCGTGGCTCAACTGCGGGACTGCTTTTGGAACTATCTAGCTAGATTGCAGGAGAGGTAAGTGGAATTCCTAGTGTAGCGGTGAAATGCGTAGATATTAGGAGGAACACCAGTGGCGAAGGCGGCTTACTGGACTGTAAATGACGCTGAGGCTCGA,example,,,
d__Bacteria,Firmicutes,Clostridia,Lachnospirales,Lachnospiraceae,GCA-900066575,uncultured_bacterium,40e4384ad1af49055200bae5d0b05444,TCCGGATTTACTGGGTGTAAAGGGAGCGTAGGCGGCAGTGCAAGTCAGAAGTGAAAGCCCAAGGCTCAACCATGGGACTGCTTTTGAAACTGTACAGCTAGATTGCAGGAGAGGTAAGTGGAATTCCTAGTGTAGCGGTGAAATGCGTAGATATTAGGAGGAACACCAGTGGCGAAGGCGGCTTACTGGACTGTAAATGACGCTGAGGCTCGA,example,,,
d__Bacteria,Firmicutes,Clostridia,Lachnospirales,Lachnospiraceae,GCA-900066575,uncultured_bacterium,a45d67c82b788a59a6c6b02599a3bb62,TCCGGATTTACTGGGTGTAAAGGGAGCGTAGGCGGCTGTGTAAGCCAGAAGTGAAAGCCCGTGGCTCAACTGCGGGACTGCTTTTGGAACTACATGGCTTGATTGCAGGAGAGGCAAGTGGAATTCCTAGTGTAGCGGTGAAATGCGTAGATATTAGGAGGAACACCAGTGGCGAAGGCGGCTTGCTGGACTGTGAATGACGCTGAGGCTCGA,example,,,
d__Bacteria,Firmicutes,Clostridia,Lachnospirales,Lachnospiraceae,GCA-900066575,uncultured_bacterium,4c4aece6d7e6af62ae1f40f64af21010,TCCGGATTTACTGGGTGTAAAGGGAGCGTAGGCGGCTGTGTAAGCCAGAAGTGAAAGCCCGTGGCTCAACTGCGGGACTGCTTTTGGAACTACATGGCTTGATTGCAGGAGAGGCAAGTGGAATTCCTAGTGTAGCGGTGAAATGCGTAGATATTAGGAGGAACACCAGTGGCGAAGGCGGCTTGCTGGACTGTAAATGACGCTGAGGCTCGA,example,,,
d__Bacteria,Firmicutes,Clostridia,Lachnospirales,Lachnospiraceae,GCA-900066575,uncultured_bacterium,3f0df9556e574df18daf78b8baa41d10,TCCGGATTTACTGGGTGTAAAGGGAGCGTAGGCGGTGCAGCAAGTCAGAAGTGAAAGCCCGGGGCTCAACTCCGGGACTGCTTTTGAAACTGTTGAACTAGATTGCAGGAGAGGTAAGTGGAATTCCTAGTGTAGCGGTGAAATGCGTAGATATTAGGAGGAACATCAGTGGCGAAGGCGGCTTACTGGACTGTAAATGACGCTGAGGCTCGA,example,,,
d__Bacteria,Firmicutes,Clostridia,Lachnospirales,Lachnospiraceae,GCA-900066575,uncultured_bacterium,0dee14cf82c798932ba8c35cd24a1ec6,TCCGGATTTACTGGGTGTAAAGGGAGCGTAGGCGGCAAGGTAAGCCAGAAGTGAAAGCCCGCGGCTCAACTGCGGGACTGCTTTTGGAACTATCTAGCTAGATTGCAGGAGAGGTAAGTGGAATTCCTAGTGTAGCGGTGAAATGCGTAGATATTAGGAGGAACACCAGTGGCGAAGGCGGCTTACTGGACTGTAAATGACGCTGAGGCTCGA,example,,,
d__Bacteria,Firmicutes,Clostridia,Lachnospirales,Lachnospiraceae,GCA-900066575,uncultured_bacterium,c2c439cd852830906c5d6ebf81c651dd,TCCGGATTTACTGGGTGTAAAGGGAGCGTAGGCGGTTCAGCAAGTCAGAAGTGAAAGCCCGGGGCTCAACTCCGGGACTGCTTTTGAAACTGTTGAACTAGATTGCAGGAGAGGTAAGTGGAATTCCTAGTGTAGCGGTGAAATGCGTAGATATTAGGAGGAACACCAGTGGCGAAGGCGGCTTACTGGACTGTAAATGACGCTGAGGCTCGA,example,,,
d__Bacteria,Firmicutes,Clostridia,Lachnospirales,Lachnospiraceae,GCA-900066575,uncultured_bacterium,3907c938f716a0ecc2712e14cee6c62f,TCCGGATTTACTGGGTGTAAAGGGAGCGTAGGCGGCAGTGCAAGTCAGAAGTGAAAGCCCGGGGCTCAACTCCGGGACTGCTTTTGAAACTGTACAGCTTGATTGCAGGAGAGGCAAGTGGAATTCCTAGTGTAGCGGTGAAATGCGTAGATATTAGGAGGAACACCAGTGGCGAAGGCGGCTTGCTGGACTGTAAATGACGCTGAGGCTCGA,example,,,
d__Bacteria,Firmicutes,Clostridia,Lachnospirales,Lachnospiraceae,GCA-900066575,uncultured_bacterium,e83e79e97aaaa6364339bbfc42f9b2b1,TCCGGATTTACTGGGTGTAAAGGGAGCGTAGGCGGCTGTGTAAGCCAGAAGTGAAAGCCCGGGGCTCAACTCCGGGACTGCTTTTGGAACTACATGGCTTGATTGCAGGAGAGGCAAGTGGAATTCCTAGTGTAGCGGTGAAATGCGTAGATATTAGGAGGAACACCAGTGGCGAAGGCGGCTTGCTGGACTGTAAATGACGCTGAGGCTCGA,example,,,
d__Bacteria,Firmicutes,Clostridia,Oscillospirales,Oscillospiraceae,Intestinimonas,NA,a6ac6125d19a7fb3cde43ed6f7cd02df,TCCGGATTTACTGGGTGTAAAGGGCGTGTAGGCGGGACTGCAAGTCAGATGTGAAAATTATGGGCTCAACCCATAACCTGCATTTGAAACTGTAGTTCTTGAGTGATGGAGAGGCAGGCGGAATTCCGTGTGTAGCGGTGAAATGCGTAGATATACGGAGGAACACCAGTGGCGAAGGCGGCCTGCTGGACATTAACTGACGCTGAGGCGCGA,example,,,
d__Bacteria,Firmicutes,Clostridia,Oscillospirales,Oscillospiraceae,Intestinimonas,uncultured_bacterium,c5760b9c8d7f039e1f8a62be657d2ca0,TCCGGATTTACTGGGTGTAAAGGGCGTGTAGGCGGGGAAGCAAGTCAGATGTGAAAACCACGGGCTCAACCTGTGGCCTGCATTTGAAACTGTTTTTCTTGAGTGCTGGAGAGGCAATCGGAATTCCGTGTGTAGCGGTGAAATGCGTAGATATACGGAGGAACACCAGTGGCGAAGGCGGATTGCTGGACAGTAACTGACGCTGAGGCGCGA,example,,,
d__Bacteria,Firmicutes,Clostridia,Oscillospirales,Oscillospiraceae,Intestinimonas,NA,b66222bf9cf0f6c23991c32ce1efb2d7,TCCGGATTTACTGGGTGTAAAGGGCGTGTAGGCGGGACTGCAAGTCAGATGTGAAAATTATGGGCTCAACCCATAACCTGCATTTGAAACTGTAGTTCTTGAGTGATGGAGAGGCAGGCGGAATTCCGTGTGTAGCGGTGAAATGCGTAGATATCAGGAGGAACACCGGCGGCGAAGGCGGCTTACTGGACGGCGACTGACGTTGAGGCCCGA,example,,,
d__Bacteria,Firmicutes,Clostridia,Oscillospirales,Oscillospiraceae,Intestinimonas,NA,e1c2a47802296e0f0d50f627c5e19d0a,TCCGGATTTACTGGGTGTAAAGGGCGTGTAGGCGGGACTGCAAGTCAGATGTGAAAATTATGGGCTCAACCCATAACCTGCATTTGAAACTGTAGTTCTTGAGTGATGGAGAGGCAGGCGGAATTCCGTGTGTAGCGGTGAAGTGCATAGATATCACGCAGAACTCCGATTGCGAAGGCAGCATACCGGCGCCCGACTGACGCTGAAGCACGA,example,,,
d__Bacteria,Firmicutes,Clostridia,Lachnospirales,Lachnospiraceae,Lachnospiraceae_NK4A136_group,uncultured_bacterium,181aea195c5d2725394f95169964aa96,TCCGGATTTACTGGGTGTAAAGGGAGCGTAGACGGCCAGACAAGTCTGAAGTGAAAATCCAGCGCTTAACGTTGGAAGTGCTTTGGAAACTGCCGGGCTAGAGTGCAGGAGGGGCAGGCGGAATTCCTAGTGTAGCGGTGAAATGCGTAGATATTAGGAGGAACACCAGTGGCGAAGGCGGCCTGCTGGACTGCAACTGACGTTGAGGCTCGA,example,,,
d__Bacteria,Firmicutes,Clostridia,Lachnospirales,Lachnospiraceae,Lachnospiraceae_NK4A136_group,NA,5cf6044723103386a9c2db928b8cf334,TCCGGAATTACTGGGTGTAAAGGGAGCGTAGACGGCTGTGCAAGTCTGGAGTGAAAGGCGGGGGCCCAACCCCCGGACTGCTCTGGAAACTGTATGGCTGGAGTGCAGGAGAGGTAAGCGGAATTCCTAGTGTAGCGGTGAAATGCGTAGATATTAGGAGGAACACCAGTGGCGAAGGCGGCTTACTGGACTGTAACTGACGTTGAGGCTCGA,example,,,
d__Bacteria,Firmicutes,Clostridia,Lachnospirales,Lachnospiraceae,Lachnospiraceae_NK4A136_group,uncultured_bacterium,0e66c436190f29aeb8cfce2d5690846c,TCCGGATTTACTGGGTGTAAAGGGAGCGTAGACGGCAGCACAAGTCTGGAGTGAAATCCCGGGGCTTAACCCCGGAACTGCTTTGGAAACTGTGCGGCTGGAGTGCAGGAGGGGTAAGCGGAATTCCTAGTGTAGCGGTGAAATGCGTAGATATTAGGAGGAACACCGGTGGCGAAGGCGGCTTACTGGACTGTAACTGACGTTGAGGCTCGA,example,,,
d__Bacteria,Firmicutes,Clostridia,Lachnospirales,Lachnospiraceae,Lachnospiraceae_NK4A136_group,NA,40223907784f29399d2a0cf51a200c2a,TCCGGATTTACTGGGTGTAAAGGGAGCGTAGACGGCGATGCAAGTCTGAAGTGAAAGGCGGGGGCCCAACCCCCGGACTGCTTTGGAAACTGTATGGCTGGAGTGCAGGAGAGGTAAGTGGAATTCCTAGTGTAGCGGTGAAATGCGTAGATATTAGGAGGAACACCAGTGGCGAAGGCGGCTTACTGGACTGTAACTGACGTTGAGGCTCGA,example,,,
d__Bacteria,Firmicutes,Clostridia,Lachnospirales,Lachnospiraceae,Lachnospiraceae_NK4A136_group,uncultured_bacterium,dbeb788aa9d89f9754feefdecac7203a,TCCGGATTTACTGGGTGTAAAGGGAGCGTAGACGGCCAGACAAGTCTGAAGTGAAAATCCAGCGCTTAACGTTGGAAGTGCTTTGGAAACTGCCGGGCTGGAGTGCAGGAGGGGCAGGCGGAATTCCTAGTGTAGCGGTGAAATGCGTAGATATTAGGAGGAACACCAGTGGCGAAGGCGGCCTGCTGGACTGCAACTGACGTTGAGGCTCGA,example,,,
d__Bacteria,Firmicutes,Clostridia,Lachnospirales,Lachnospiraceae,Lachnospiraceae_NK4A136_group,NA,9007e8c1a670171006a3040df8e946c5,TCCGGATTTACTGGGTGTAAAGGGAGCGTAGACGGCAGCGCAAGTCTGGAGTGAAATCCCATGGCTTAACCATGGAACTGCTTTGGAAACTGTGCAGCTAGAGTGCAGGAGAGGTAAGCGGAATTCCTAGTGTAGCGGTGAAATGCGTAGATATTAGGAGGAACACCAGTGGCGAAGGCGGCTTACTGGACTGTAACTGACGTTGAGGCTCGA,example,,,
d__Bacteria,Firmicutes,Clostridia,Lachnospirales,Lachnospiraceae,Lachnospiraceae_NK4A136_group,NA,0ba4b95645d704e2c86e9a9785563976,TCCGGATTTACTGGGTGTAAAGGGAGCGTAGACGGCAGCGCAAGTCTGGAGTGAAATGCCGGGGCCCAACCCCGGAACTGCTTTGGAAACTGTGCAGCTCGAGTGCAGGAGAGGTAAGCGGAATTCCTAGTGTAGCGGTGAAATGCGTAGATATTAGGAGGAACACCAGTGGCGAAGGCGGCTTACTGGACTGTAACTGACGTTGAGGCTCGA,example,,,
d__Bacteria,Firmicutes,Clostridia,Lachnospirales,Lachnospiraceae,Lachnospiraceae_NK4A136_group,uncultured_bacterium,213819cdf9036d1b560f612d546b9110,TCCGGAATCACTGGGTGTAAAGGGAGCGTAGACGGCTGAGCAAGCCTGAAGTGAAAGGCGGGGGCCCAACCCCCGGACTGCTTTGGGAACTGTACGGCTGGAGTGCAGGAGAGGTAAGTGGAATTCCTAGTGTAGCGGTGAAATGCGTAGATATTAGGAGGAACACCAGTGGCGAAGGCGGCTTACTGGACTGTAACTGACGTTGAGGCTCGA,example,,,
d__Bacteria,Firmicutes,Clostridia,Lachnospirales,Lachnospiraceae,Lachnospiraceae_NK4A136_group,NA,69260787a091c20404644237a3c91fe6,TCCGGATTTACTGGGTGTAAAGGGAGCGTAGACGGCAGCGCAAGTCTGGAGTGAAATGCCGGGGCTCAACCCCGGAACTGCTTTGGAAACTGTGCAGCTAGAGTGCGGGAGAGGTAAGCGGAATTCCTAGTGTAGCGGTGAAATGCGTAGATATTAGGAGGAACACCAGTGGCGAAGGCGGCTTACTGGACCGTAACTGACGTTGAGGCTCGA,example,,,
d__Bacteria,Firmicutes,Clostridia,Lachnospirales,Lachnospiraceae,Lachnospiraceae_NK4A136_group,NA,660296a8e3e8f7ffb4fc8ea9f5e2d0c8,TCCGGATTTACTGGGTGTAAAGGGAGCGTAGACGGCAGTGCAAGTCTGGAGTGAAAGGCGGGGGCTCAACCCCCGGACTGCTCTGGAAACTGTACAGCTGGAGTGCAGGAGAGGTAAGTGGAATTCCTAGTGTAGCGGTGAAATGCGTAGATATTAGGAGGAACACCAGTGGCGAAGGCGGCTTACTGGACTGTAACTGACGTTGAGGCTCGA,example,,,
d__Bacteria,Firmicutes,Clostridia,Lachnospirales,Lachnospiraceae,Lachnospiraceae_NK4A136_group,NA,4545b7bf8c038490d444aee01a080104,TCCGGAATTACTGGGTGTAAAGGGAGCGTAGACGGTAATGCAAGTCTGGAGTGAAAGGCGGGGGCCCAACCCCCGGACTGCTCTGGAAACTGTGTAACTGGAGTGCAGGAGAGGCAGGCGGAATTCCTAGTGTAGCGGTGAAATGCGTAGATATTAGGAGGAACACCAGTGGCGAAGGCGGCCTGCTGGACTGTAACTGACGTTGAGGCTCGA,example,,,
d__Bacteria,Firmicutes,Clostridia,Lachnospirales,Lachnospiraceae,Lachnospiraceae_NK4A136_group,Lachnospiraceae,d684df2cce69fa0004eed0dfc93c6f75,TCCGGATTTACTGGGTGTAAAGGGAGCGTAGACGGCAGCGCAAGTCTGGAGTGAAATCCCATGGCTTAACCATGGAACTGCTTTGGAAACTGTGCAGCTGGAGTGCAGGAGAGGTAAGCGGAATTCCTAGTGTAGCGGTGAAATGCGTAGATATTAGGAGGAACACCAGTGGCGAAGGCGGCTTACTGGACTGTAACTGACGTTGAGGCTCGA,example,,,
d__Bacteria,Firmicutes,Clostridia,Lachnospirales,Lachnospiraceae,Lachnospiraceae_NK4A136_group,uncultured_bacterium,f1d1a0fff9bd2d8c6b6a032f16050b34,TCCGGAATCACTGGGTGTAAAGGGAGCGTAGACGGCTGTGCAAGCCTGAAGTGAAAGGCGGGGGCCCAACCCCTGGACTGCTTTGGGAACTGTACGGCTGGAGTGCAGGAGAGGTAAGTGGAATTCCTAGTGTAGCGGTGAAATGCGTAGATATTAGGAGGAACACCAGTGGCGAAGGCGGCTTACTGGACTGTAACTGACGTTGAGGCTCGA,example,,,
d__Bacteria,Firmicutes,Clostridia,Lachnospirales,Lachnospiraceae,Lachnospiraceae_NK4A136_group,NA,f19aecec0e3723f9098a812217796380,TCCGGATTTACTGGGTGTAAAGGGAGCGTAGACGGCGATGCAAGTCTGAAGTGAAAGGCGGGGGCCCAACCCCTGGACTGCTTTGGAAACTGTATGGCTGGAGTGCAGGAGAGGTAAGTGGAATTCCTAGTGTAGCGGTGAAATGCGTAGATATTAGGAGGAACACCAGTGGCGAAGGCGGCTTACTGGACTGTAACTGACGTTGAGGCTCGA,example,,,
d__Bacteria,Firmicutes,Clostridia,Lachnospirales,Lachnospiraceae,Lachnospiraceae_NK4A136_group,uncultured_bacterium,0db39b6305cb6f454496517910dc99cc,TCCGGAATCACTGGGTGTAAAGGGAGCGTAGACGGCTGTGCAAGCCTGAAGTGAAAGGCGGGGGCCCAACCCCCGGACTGCTTTGGGAACTGTACGGCTGGAGTGCAGGAGAGGTAAGTGGAATTCCTAGTGTAGCGGTGAAATGCGTAGATATTAGGAGGAACACCAGTGGCGAAGGCGGCTTACTGGACTGTAACTGACGTTGAGGCTCGA,example,,,
d__Bacteria,Firmicutes,Clostridia,Lachnospirales,Lachnospiraceae,Lachnospiraceae_NK4A136_group,uncultured_bacterium,ed3f0047c65d2e41dd169646ee668923,TCCGGAATCACTGGGTGTAAAGGGAGCGTAGACGGCTGAGCAAGCCTGAAGTGAAAGGCGGGGGCCCAACCCCTGGACTGCTTTGGGAACTGTACGGCTGGAGTGCAGGAGAGGTAAGTGGAATTCCTAGTGTAGCGGTGAAATGCGTAGATATTAGGAGGAACACCAGTGGCGAAGGCGGCTTACTGGACTGTAACTGACGTTGAGGCTCGA,example,,,
d__Bacteria,Firmicutes,Clostridia,Lachnospirales,Lachnospiraceae,Lachnospiraceae_NK4A136_group,Lachnospiraceae_bacterium,8b82889211c9e0bc2efb336a4f1832ab,TCCGGATTTACTGGGTGTAAAGGGAGCGTAGACGGTGCGCCAAGTCTGGAGTGAAATGCCGCAGCTTAACTGCGGAACTGCTTTGGAAACTGGCGAACTAGAGTGCGGGAGGGGTAAGCGGAATTCCTAGTGTAGCGGTGAAATGCGTAGATATTAGGAGGAACACCGGTGGCGAAGGCGGCTTACTGGACCGTAACTGACGTTGAGGCTCGA,example,,,
d__Bacteria,Firmicutes,Clostridia,Lachnospirales,Lachnospiraceae,Lachnospiraceae_NK4A136_group,NA,bf2dc60c1cb85528026c80a5050fe9c9,TCCGGATTTACTGGGTGTAAAGGGAGCGTAGACGGCGATGCAAGTCTGAAGTGAAAGGCGGGGGCTCAACCCCCGGACTGCTTTGGAAACTGTATGGCTGGAGTGCAGGAGAGGTAAGTGGAATTCCTAGTGTAGCGGTGAAATGCGTAGATATTAGGAGGAACACCAGTGGCGAAGGCGGCTTACTGGACTGTAACTGACGTTGAGGCTCGA,example,,,
d__Bacteria,Firmicutes,Clostridia,Lachnospirales,Lachnospiraceae,Lachnospiraceae_NK4A136_group,NA,2eaf190fdd39012e7c31ba912c5fabef,TCCGGATTTACTGGGTGTAAAGGGAGCGTAGACGGCAGCGCAAGTCTGGAGTGAAATGCCGGGGCTCAACCCCGGAACTGCTTTGGAAACTGTGCAGCTCGAGTGCAGGAGAGGTAAGCGGAATTCCTAGTGTAGCGGTGAAATGCGTAGATATTAGGAGGAACACCAGTGGCGAAGGCGGCTTACTGGACTGTAACTGACGTTGAGGCTCGA,example,,,
d__Bacteria,Firmicutes,Clostridia,Lachnospirales,Lachnospiraceae,Lachnospiraceae_NK4A136_group,Lachnospiraceae_bacterium,71b23a97a873f68f448eb34c6e6eecd6,TCCGGATTTACTGGGTGTAAAGGGAGCGTAGACGGTGCGCCAAGTCTGGAGTGAAATGCCGCAGCTTAACTGCGGAACTGCTTTGGAAACTGGCGGACTAGAGTGCGGGAGGGGTAAGCGGAATTCCTAGTGTAGCGGTGAAATGCGTAGATATTAGGAGGAACACCGGTGGCGAAGGCGGCTTACTGGACCGTAACTGACGTTGAGGCTCGA,example,,,
d__Bacteria,Firmicutes,Clostridia,Lachnospirales,Lachnospiraceae,Lachnospiraceae_NK4A136_group,uncultured_bacterium,b4a4a0f7dd3dcf5dbe476133e84cdd4f,TCCGGAATTACTGGGTGTAAAGGGAGCGTAGACGGTTAAGTAAGTCTGGAGTGAAAGGCCGGGGCCCAACCCCGGGACTGCTCTGGAAACTATTGAACTTGAGTGCAGGAGAGGTAAGCGGAATTCCTAGTGTAGCGGTGAAATGCGTAGATATTAGGAGGAACACCAGTGGCGAAGGCGGCTTACTGGACTGTAACTGACGTTGAGGCTCGA,example,,,
d__Bacteria,Firmicutes,Clostridia,Lachnospirales,Lachnospiraceae,Lachnospiraceae_NK4A136_group,NA,1c3c9a3e8a2eee24f041a439b4710c1f,TCCGGATTTACTGGGTGTAAAGGGAGCGTAGACGGCAGCGCAAGTCTGGAGTGAAATGCCGGGGCTCAACCCCGGAACTGCTTTGGAAACTGTGCAGCTAGAGTGCGGGAGAGGTGAGCGGAATTCCTAGTGTAGCGGTGAAATGCGTAGATATTAGGAGGAACACCAGTGGCGAAGGCGGCTTACTGGACCGTAACTGACGTTGAGGCTCGA,example,,,
d__Bacteria,Firmicutes,Clostridia,Lachnospirales,Lachnospiraceae,Lachnospiraceae_NK4A136_group,NA,f60131d9b38aa58dc44895b8af739130,TCCGGATTTACTGGGTGTAAAGGGAGCGTAGACGGCAGCGCAAGTCTGGAGTGAAATGCCGGGGCCCAACCCCGGAACTGCTTTGGAAACTGTGCAGCTAGAGTGCGGGAGAGGTAAGCGGAATTCCTAGTGTAGCGGTGAAATGCGTAGATATTAGGAGGAACACCAGTGGCGAAGGCGGCTTACTGGACCGTAACTGACGTTGAGGCTCGA,example,,,
d__Bacteria,Firmicutes,Clostridia,Lachnospirales,Lachnospiraceae,Lachnospiraceae_NK4A136_group,NA,815ca475eef97775cb200470bb90b099,TCCGGATTTACTGGGTGTAAAGGGAGCGTAGACGGCGGTGCAAGTCTGGAGTGAAAGGCAGGGGCCCAACCCCTGGACTGCTCTGGAAACTGTAGTGCTGGAGTGCAGGAGAGGTAAGTGGAATTCCTAGTGTAGCGGTGAAATGCGTAGATATTAGGAGGAACACCAGTGGCGAAGGCGGCTTACTGGACTGTAACTGACGTTGAGGCTCGA,example,,,
d__Bacteria,Firmicutes,Clostridia,Lachnospirales,Lachnospiraceae,Lachnospiraceae_NK4A136_group,uncultured_bacterium,8c97aeb029713864bb2e3129800fea4e,TCCGGAATTACTGGGTGTAAAGGGAGCGTAGACGGTGATGCAAGTCTGGAGTGAAAGGCGGGGGCCCAACCCCCGGACTGCTCTGGAAACTGTGTAACTTGAGTGCAGGAGAGGTAAGCGGAATTCCTAGTGTAGCGGTGAAATGCGTAGATATTAGGAGGAACACCAGTGGCGAAGGCGGCTTACTGGACTGTAACTGACGTTGAGGCTCGA,example,,,
d__Bacteria,Firmicutes,Clostridia,Lachnospirales,Lachnospiraceae,Lachnospiraceae_NK4A136_group,NA,8e1174a8eeef79f0f1ca2eb05bef926e,TCCGGATTTACTGGGTGTAAAGGGAGCGTAGACGGCGATGCAAGTCTGAAGTGAAAGGCGGGGGCCCAACCCCCGGACTGCTTTGGAAACTGTATAGCTGGAGTGCAGGAGAGGTAAGTGGAATTCCTAGTGTAGCGGTGAAATGCGTAGATATTAGGAGGAACACCAGTGGCGAAGGCGGCTTACTGGACTGTAACTGACGTTGAGGCTCGA,example,,,
d__Bacteria,Firmicutes,Clostridia,Lachnospirales,Lachnospiraceae,Lachnospiraceae_NK4A136_group,uncultured_bacterium,fb0ec71cfa5870c426ca0fbb21eacd92,TCCGGATTTACTGGGTGTAAAGGGAGCGTAGACGGCAGGGCAAGTCTGGAGTGAAAGGCAGGGGCCCAACCCCTGGACTGCTCTGGAAACTGTCCGGCTGGAGTGCAGGAGAGGTAAGTGGAATTCCTAGTGTAGCGGTGAAATGCGTAGATATTAGGAGGAACACCAGTGGCGAAGGCGGCTTACTGGACTGTAACTGACGTTGAGGCTCGA,example,,,
d__Bacteria,Firmicutes,Clostridia,Lachnospirales,Lachnospiraceae,Lachnospiraceae_NK4A136_group,uncultured_bacterium,a38cbd017b7b8313a8d3ba539d5d56e4,TCCGGAATTACTGGGTGTAAAGGGAGCGTAGACGGTTAAGTAAGTCTGGAGTGAAAGGCCGGGGCCCAACCCCGGGACTGCTCTGGAAACTATTTAACTTGAGTGCAGGAGAGGTAAGCGGAATTCCTAGTGTAGCGGTGAAATGCGTAGATATTAGGAGGAACACCAGTGGCGAAGGCGGCTTACTGGACTGTAACTGACGTTGAGGCTCGA,example,,,
d__Bacteria,Firmicutes,Clostridia,Lachnospirales,Lachnospiraceae,Lachnospiraceae_NK4A136_group,uncultured_bacterium,739ecf2d7d2dfbe3aeb19a771d28bf97,TCCGGAATCACTGGGTGTAAAGGGAGCGTAGACGGCTGTGCAAGCCTGGAGTGAAAGGCGGGGGCCCAACCCCCGGACTGCTCTGGGAACTGTATGGCTGGAGTGCAGGAGAGGTAAGTGGAATTCCTGGTGTAGCGGTGAAATGCGTAGATATCAGGAGGAACACCAGTGGCGAAGGCGGCTTACTGGACTGTAACTGACGTTGAGGCTCGA,example,,,
d__Bacteria,Firmicutes,Clostridia,Lachnospirales,Lachnospiraceae,Lachnospiraceae_NK4A136_group,uncultured_Clostridiales,3277e5f13366b1f33f55fd5a420c0fe3,TCCGGATTTACTGGGTGTAAAGGGAGCGTAGACGGCCAGGCAAGTCTGAAGTGAAAGCCCGGGGCTCAACCCCGGGACCGCTTTGGAAACTGTATGGCTAGAGTGCGGGAGGGGTAGGCGGAATTCCTAGTGTAGCGGTGAAATGCGTAGATATTAGGAGGAACACCGGTGGCGAAGGCGGCCTACTGGACCGTAACTGACGTTGAGGCTCGA,example,,,
d__Bacteria,Firmicutes,Clostridia,Lachnospirales,Lachnospiraceae,Lachnospiraceae_NK4A136_group,uncultured_bacterium,b2e80225433269f1dd7a8f206c77bafb,TCCGGATTTACTGGGTGTAAAGGGAGCGTAGACGGCCAGACAAGTCTGAAGTGGAAATCCAGCGCTTAACGTTGGAAGTGCTTTGGAAACTGCCGGGCTGGAGTGCAGGAGGGGCAGGCGGAATTCCTAGTGTAGCGGTGAAATGCGTAGATATTAGGAGGAACACCAGTGGCGAAGGCGGCCTGCTGGACTGCAACTGACGTTGAGGCTCGA,example,,,
d__Bacteria,Firmicutes,Clostridia,Lachnospirales,Lachnospiraceae,Lachnospiraceae_NK4A136_group,NA,f77af5b38708a267ace6688253ce9780,TCCGGATTTACTGGGTGTAAAGGGAGCGTAGACGGCAGCACAAGTCTGAAGTGAAATGCCGGGGCTTAACCCCGGAACTGCTTTGGAAACTGTGCAGCTAGAGTGCAGGAGAGGTAAGTGGAATTCCTAGTGTAGCGGTGAAATGCGTAGATATTAGGAGGAACACCAGTGGCGAAGGCGGCTTACTGGACTGTAACTGACGTTGAGGCTCGA,example,,,
d__Bacteria,Firmicutes,Clostridia,Lachnospirales,Lachnospiraceae,Lachnospiraceae_NK4A136_group,NA,8efc1a2b6b8096522c570d5a9aa45714,TCCGGATTTACTGGGTGTAAAGGGAGCGTAGACGGTAATGCAAGTCTGGAGTGAAAGGCGGGGGCCCAACCCCCGGACTGCTCTGGAAACTGTGATACTGGAGTGCAGGAGAGGTAAGTGGAATTCCTAGTGTAGCGGTGAAATGCGTAGATATTAGGAGGAACACCAGTGGCGAAGGCGGCTTACTGGACTGTAACTGACGTTGAGGCTCGA,example,,,
d__Bacteria,Firmicutes,Clostridia,Lachnospirales,Lachnospiraceae,Lachnospiraceae_NK4A136_group,NA,3b533b319212850d8f6528e84545520b,TCCGGATTTACTGGGTGTAAAGGGAGCGTAGACGGTGAAGCAAGTCTGAAGTGAAAGGCGGGGGCTCAACCCCCGGACTGCTTTGGAAACTGTTTGACTGGAGTGCAGGAGAGGTAAGTGGAATTCCTAGTGTAGCGGTGAAATGCGTAGATATTAGGAGGAACACCAGTGGCGAAGGCGGCTTACTGGACTGTAACTGACGTTGAGGCTCGA,example,,,
d__Bacteria,Firmicutes,Clostridia,Lachnospirales,Lachnospiraceae,Lachnospiraceae_NK4A136_group,uncultured_bacterium,9765036e3b17d8711a4debfbd17f66b7,TCCGGATTTACTGGGTGTAAAGGGAGCGTAGACGGCCAGACAAGTCTGAAGTGAAAATCCAGCGCTTAACGTTGGAAGTGCTTTGGAAACTGCCGGGCTAGAGTGCAGGAGGGGCAGGCGGAATTCCTAGTGTAGCGGTGAAATGCGTAGATATTAGGAGGAACGCCAGTGGCGAAGGCGGCCTGCTGGACTGCAACTGACGTTGAGGCTCGA,example,,,
d__Bacteria,Firmicutes,Clostridia,Lachnospirales,Lachnospiraceae,Lachnospiraceae_NK4A136_group,Clostridiales_bacterium,b4f4c8c5e11e7d888804f191fe9bb07f,TCCGGAATTACTGGGTGTAAAGGGAGCGTAGACGGTGATGTAAGTCTGGAGTGAAAGGCGGGGGCCCAACCCCCGGACTGCTCTGGAAACTATATGACTGGAGTGCAGGAGAGGTGAGCGGAATTCCTAGTGTAGCGGTGAAATGCGTAGATATTAGGAGGAACACCAGTGGCGAAGGCGGCTCACTGGACTGTAACTGACGTTGAGGCTCGA,example,,,
d__Bacteria,Firmicutes,Clostridia,Lachnospirales,Lachnospiraceae,Lachnospiraceae_NK4A136_group,NA,2020e822a2add7b02df0947258672d21,TCCGGATTTACTGGGTGTAAAGGGAGCGTAGACGGTTACGCAAGTCTGGAGTGAAAGGCGGGGGCCCAACCCCCGGACTGCTTTGGAAACTGTATAACTGGAGTGCAGGAGAGGTAAGTGGAATTCCTAGTGTAGCGGTGAAATGCGTAGATATTAGGAGGAACACCAGTGGCGAAGGCGGCTTACTGGACTGTAACTGACGTTGAGGCTCGA,example,,,
d__Bacteria,Firmicutes,Clostridia,Lachnospirales,Lachnospiraceae,Lachnospiraceae_NK4A136_group,Clostridiales_bacterium,cc3951358a26c5832edf3f94198f129b,TCCGGAATTACTGGGTGTAAAGGGAGCGTAGACGGTGATGTAAGTCTGGAGTGAAAGGCGGGGGCCCAACCCCCGGACTGCTCTGGAAACTATGTGACTGGAGTGCAGGAGAGGTGAGCGGAATTCCTAGTGTAGCGGTGAAATGCGTAGATATTAGGAGGAACACCAGTGGCGAAGGCGGCTCACTGGACTGTAACTGACGTTGAGGCTCGA,example,,,
d__Bacteria,Firmicutes,Clostridia,Lachnospirales,Lachnospiraceae,Lachnospiraceae_NK4A136_group,uncultured_bacterium,9f102418a21b41b51070329254bebeb6,TCCGGATTTACTGGGTGTAAAGGGAGCGTAGACGGCCAGACAAGTCTGAAGTGAAAATCCAGCGCTTAACGTTGGAAGTGCTTTGGAAACTGCCGGGCTGGAGTGCAGGAGGGGCGGGCGGAATTCCTAGTGTAGCGGTGAAATGCGTAGATATTAGGAGGAACACCAGTGGCGAAGGCGGCCTGCTGGACTGCAACTGACGTTGAGGCTCGA,example,,,
d__Bacteria,Firmicutes,Clostridia,Lachnospirales,Lachnospiraceae,Lachnospiraceae_NK4A136_group,uncultured_Clostridiales,84c456158a44dc03392e9f673d038de3,TCCGGATTTACTGGGTGTAAAGGGAGCGTAGACGGCCAGGCAAGTCTGAAGTGAAAGCCCGGGGCTCAACCTCGGGACCGCTTTGGAAACTGTATGGCTAGAGTGCGGGAGGGGTAGGCGGAATTCCTAGTGTAGCGGTGAAATGCGTAGATATTAGGAGGAACACCGGTGGCGAAGGCGGCCTACTGGACCGTAACTGACGTTGAGGCTCGA,example,,,
d__Bacteria,Firmicutes,Clostridia,Lachnospirales,Lachnospiraceae,Lachnospiraceae_NK4A136_group,uncultured_bacterium,1d1640f6581300befd1f9f43e17bb95b,TCCGGATTTACTGGGTGTAAAGGGAGCGTAGACGGCCAGACAAGTCTGAAGTGAAAATCCAGCGCTTAACGTTGGAAGTGCTTTGGAAACTGCCGGGCTAGTGTGCAGGAGGGGCAGGCGGAATTCCTAGTGTAGCGGTGAAATGCGTAGATATTAGGAGGAACACCAGTGGCGAAGGCGGCCTGCTGGACTGCAACTGACGTTGAGGCTCGA,example,,,
d__Bacteria,Firmicutes,Clostridia,Lachnospirales,Lachnospiraceae,Lachnospiraceae_NK4A136_group,uncultured_bacterium,625a7a16a438fa10ba3ea19ef36d8a78,TCCGGAATTACTGGGTGTAAAGGGAGCGTAGACGGTGATGCAAGTCTGGAGTGAAAGGCGGGGGCCCAACCCCCGGACTGCTCTGGAAACTGTATGACTTGAGTGCAGGAGAGGTAAGCGGAATTCCTAGTGTAGCGGTGAAATGCGTAGATATTAGGAGGAACACCAGTGGCGAAGGCGGCTTACTGGACTGTAACTGACGTTGAGGCTCGA,example,,,
d__Bacteria,Firmicutes,Clostridia,Lachnospirales,Lachnospiraceae,Lachnospiraceae_NK4A136_group,NA,46ac2b51b54cefb9d8b1b85388e85880,TCCGGATTTACTGGGTGTAAAGGGAGCGTAGACGGCTGAGCAAGTCTGAAGTGAAAGGCGGGGGCCCAACCCCCGGACTGCTTTGGAAACTGTATAGCTAGAGTGCAGGAGAGGTAAGTGGAATTCCTAGTGTAGCGGTGAAATGCGTAGATATTAGGAGGAACACCAGTGGCGAAGGCGGCTTACTGGACTGTAACTGACGTTGAGGCTCGA,example,,,
d__Bacteria,Firmicutes,Clostridia,Lachnospirales,Lachnospiraceae,Lachnospiraceae_NK4A136_group,uncultured_bacterium,1d9461fcfced0e1b5a50d90e30682eea,TCCGGATTTACTGGGTGTAAAGGGAGCGTAGACGGTGCAGCAAGTCTGGAGTGAAAGGCAGGGGCCCAACCCCTGGACTGCTCTGGAAACTGTTGTACTTGAGTGCAGGAGAGGTAAGTGGAATTCCTAGTGTAGCGGTGAAATGCGTAGATATTAGGAGGAACACCAGTGGCGAAGGCGGCTTACTGGACTGTAACTGACGTTGAGGCTCGA,example,,,
d__Bacteria,Firmicutes,Clostridia,Lachnospirales,Lachnospiraceae,Lachnospiraceae_NK4A136_group,NA,a26cdb1eda9debd01a5367d19ffab6c9,TCCGGATTTACTGGGTGTAAAGGGAGCGTAGACGGCAGCGCAAGTCTGGAGTGAAATGCCGGGGCCCAACCCCGGAACTGCTTTGGAAACTGTGCAGCTCGAGTGCAGGAGAGGTAAGCGGAATTCCTAGTGTAGCGGTGAAATGCATAGATATCACGCAGAACTCCGATTGCGAAGGCAGCTTACTAAACTATGACTGACACTGAAGCACGA,example,,,
d__Bacteria,Firmicutes,Clostridia,Lachnospirales,Lachnospiraceae,Lachnospiraceae_UCG-001,uncultured_bacterium,fb2df508748a670892987087acd639d7,TCCGGATTTACTGGGTGTAAAGGGAGCGCAGGCGGCGTGGCAAGTCAGATGTGAAAACCCGGGGCCCAACCCCGGGAGTGCATTTGAAACTGCCATGCTGGAGTGCCGGAGAGGTAAGCGGAATTCCTAGTGTAGCGGTGAAATGCGTAGATATTAGGAGGAACACCAGTGGCGGAGGCGGCTTACTGGACGGTAACTGACGCTGAGGCTCGA,example,,,
d__Bacteria,Firmicutes,Clostridia,Lachnospirales,Lachnospiraceae,Lachnospiraceae_UCG-001,uncultured_bacterium,4ea5377cf04d7abde4676b2bbfbee9cc,TCCGGATTTACTGGGTGTAAAGGGAGCGCAGGCGGTATGGCAAGTCAGATGTGAAAACCCAGAGCCCAACCCTGGGACTGCATTTGAAACTGCCATACTGGAGTGCCGGAGAGGTAAGTGGAATTCCTAGTGTAGCGGTGAAATGCGTAGATATTAGGAGGAACACCAGTGGCGAAGGCGGCTTACTGGACGGTAACTGACGCTGAGGCTCGA,example,,,
d__Bacteria,Firmicutes,Clostridia,Lachnospirales,Lachnospiraceae,Lachnospiraceae_UCG-001,uncultured_bacterium,488a102d1a5aecf0be1bf1f1543557d1,TCCGGATTTACTGGGTGTAAAGGGAGCGCAGGCGGTATGGCAAGTCAGATGTGAAAACCCAGGGCTCAACCCTGGGACTGCATTTGAAACTGCCATACTGGAGTGCCGGAGAGGTAAGTGGAATTCCTAGTGTAGCGGTGAAATGCGTAGATATTAGGAGGAACACCAGTGGCGAAGGCGGCTTACTGGACGGTAACTGACGCTGAGGCTCGA,example,,,
d__Bacteria,Firmicutes,Clostridia,Lachnospirales,Lachnospiraceae,Lachnospiraceae_UCG-001,uncultured_bacterium,52be21fc8334d3fc653781674604e00c,TCCGGATTTACTGGGTGTAAAGGGAGCGCAGGCGGTATGGCAAGTCAGATGTGAAAACCCAGGGCCCAACCCTGGGACTGCATTTGAAACTGCCATACTGGAGTGCCGGAGAGGTAAGTGGAATTCCTAGTGTAGCGGTGAAATGCGTAGATATTAGGAGGAACACCAGTGGCGAAGGCGGCTTACTGGACGGTAACTGACGCTGAGGCTCGA,example,,,
d__Bacteria,Firmicutes,Clostridia,Lachnospirales,Lachnospiraceae,Lachnospiraceae_UCG-001,NA,d3bb075219784c3afa91ae477bd370db,TCCGGATTTACTGGGTGTAAAGGGAGCGCAGGCGGCGCGGCAAGTCAGATGTGAAAGCCCGGGGCTCAACCCCGGGACTGCATTTGAAACTGCCGGGCTAGAGTATCGGAGAGGCAAGTGGAATTCCTAGTGTAGCGGTGAAATGCGTAGATATTAGGAGGAACACCAGTGGCGAAGGCGGCTTGCTGGACGATCACTGACGCTGAGGCTCGA,example,,,
d__Bacteria,Firmicutes,Clostridia,Lachnospirales,Lachnospiraceae,Lachnospiraceae_UCG-001,uncultured_bacterium,c2f602bb1776d34bafaab3e57bcb0c1a,TCCGGATTTACTGGGTGTAAAGGGAGCGCAGGCGGCGTGGCAAGTCAGATGTGAAAACCCGGGGCCCAACCTCGGGAGTGCATTTGAAACTGCCATGCTGGAGTGCCGGAGAGGTAAGCGGAATTCCTAGTGTAGCGGTGAAATGCGTAGATATTAGGAGGAACACCAGTGGCGGAGGCGGCTTACTGGACGGTAACTGACGCTGAGGCTCGA,example,,,
d__Bacteria,Firmicutes,Clostridia,Lachnospirales,Lachnospiraceae,Lachnospiraceae_UCG-001,uncultured_bacterium,dacee1d26f97d1181aa7823c6ab53fe4,TCCGGATTTACTGGGTGTAAAGGGAGCGCAGGCGGTATGGCAAGTCAGATGTGAAAACCCAGAGCCCAACCCTGGGACTGCATTTGAAACTGCCATACTGGAGTGCCGGAGAGGTAAGTGGAATTCCTAGTGTAGCGGTGAAATGCGTAGATATTAGGAGGAATACCAGTGGCGAAGGCGGCTTACTAGACGGTAACTGACGCTGAGGCTCGA,example,,,
d__Bacteria,Firmicutes,Clostridia,Lachnospirales,Lachnospiraceae,Lachnospiraceae_UCG-004,NA,2fbdd70835bd5bfbc058b6cd8ae0ef8d,TCCGGATTTACTGGGTGTAAAGGGAGCGTAGACGGCAATACAAGTCGGAAGTGAAATACCCGGGCTCAACCTGGGAACTGCTTTGGAAACTGTATGGCTGGAGTGCTGGAGAGGTAAGCGGAATTCCTAGTGTAGCGGTGAAATGCGTAGATATTAGGAGGAACACCAGTGGCGAAGGCGGCTTACTGGACAGTAACTGACGTTGAGGCTCGA,example,,,
d__Bacteria,Firmicutes,Clostridia,Lachnospirales,Lachnospiraceae,Lachnospiraceae_UCG-004,NA,47aff4e1fc4b4687b3e9773958f8082f,TCCGGATTTACTGGGTGTAAAGGGAGCGTAGACGGCAATACAAGTCGGAAGTGAAATACCCGGGCTCAACCTGGGAACTGCTTTGGAAACTGTATGGCTAGAGTGCTGGAGAGGTAAGCGGAATTCCTAGTGTAGCGGTGAAATGCGTAGATATTAGGAGGAACACCAGTGGCGAAGGCGGCTTACTGGACAGTAACTGACGTTGAGGCTCGA,example,,,
d__Bacteria,Firmicutes,Clostridia,Lachnospirales,Lachnospiraceae,Lachnospiraceae_UCG-006,uncultured_bacterium,fb58f60670ad511d73ddad27885b6e8d,TCCGGATTTACTGGGTGTAAAGGGAGCGTAGACGGCAGTGCAAGTCTGAAGTGAAAGGCAAGGGCTCAACCCTTGGACTGCTTTGGAAACTGTGCTGCTGGAGTGTCGGAGAGGCAAGTGGAATTCCTAGTGTAGCGGTGAAATGCGTAGATATTAGGAGGAACACCAGTGGCGAAGGCGGCTTGCTGGACGATGACTGACGTTGAGGCTCGA,example,,,
d__Bacteria,Firmicutes,Clostridia,Lachnospirales,Lachnospiraceae,Lachnospiraceae_UCG-006,uncultured_bacterium,6eae09d9bfeca3552513a99719ec569c,TCCGGATTTACTGGGTGTAAAGGGAGCGTAGACGGACTTGCAAGTCTGATGTGAAAATCCGGGGCCCAACCCCGGAACTGCATTGGAAACTGTATATCTAGAGTGTCGGAGAGGCAAGTGGAATTCCTGGTGTAGCGGTGAAATGCGTAGATATCAGGAGGAACACCAGTGGCGAAGGCGGCTTGCTGGACGATGACTGACGTTGAGGCTCGA,example,,,
d__Bacteria,Firmicutes,Clostridia,Lachnospirales,Lachnospiraceae,Lachnospiraceae_UCG-006,Clostridium_sp.,47c5f4f6e7374894e65f6a3ffcad4caa,TCCGGATTTACTGGGTGTAAAGGGAGCGTAGACGGATAAGCAAGTCTGATGTGAAAATCCGGGGCCCAACCCCGGAATTGCATTGGAAACTGCATATCTAGAGTGTCGGAGAGGCAAGTGGAATTCCTGGTGTAGCGGTGAAATGCGTAGATATCAGGAGGAACACCAGTGGCGAAGGCGGCTTGCTGGACGATGACTGACGTTGAGGCTCGA,example,,,
d__Bacteria,Firmicutes,Clostridia,Lachnospirales,Lachnospiraceae,Lachnospiraceae_UCG-006,Clostridium_sp.,40e88e4f490958e951cf0b1367cdb7dc,TCCGGATTTACTGGGTGTAAAGGGAGCGTAGACGGATAAGCAAGTCTGGTGTGAAAATCCGGGGCCCAACCCCGGAATTGCATTGGAAACTGCATATCTAGAGTGTCGGAGAGGCAAGTGGAATTCCTGGTGTAGCGGTGAAATGCGTAGATATCAGGAGGAACACCAGTGGCGAAGGCGGCTTGCTGGACGATGACTGACGTTGAGGCTCGA,example,,,
d__Bacteria,Firmicutes,Clostridia,Lachnospirales,Lachnospiraceae,Lachnospiraceae_UCG-006,uncultured_bacterium,4898c108ee05daea657e354f323e784d,TCCGGATTTACTGGGTGTAAAGGGAGCGTAGACGGAATTGCAAGTCTGATGTGAAAATCCGGGGCCCAACCCCGGAACTGCATTGGAAACTGTATTTCTAGAGTGTCGGAGAGGCAAGTGGAATTCCTGGTGTAGCGGTGAAATGCGTAGATATCAGGAGGAACACCAGTGGCGAAGGCGGCTTGCTGGACGATGACTGACGTTGAGGCTCGA,example,,,
d__Bacteria,Firmicutes,Clostridia,Lachnospirales,Lachnospiraceae,Lachnospiraceae_UCG-006,uncultured_bacterium,17f20fcf38cce7f6163e22851d42fd30,TCCGGATTTACTGGGTGTAAAGGGAGCGTAGACGGAATTGCAAGTCTGATGTGAAAATCCGGGGCCCAACCCCGGAAGTGCATTGGAAACTGTATTTCTAGAGTGTCGGAGAGGCAAGTGGAATTCCTGGTGTAGCGGTGAAATGCGTAGATATCAGGAGGAACACCAGTGGCGAAGGCGGCTTGCTGGACGATGACTGACGTTGAGGCTCGA,example,,,
d__Bacteria,Firmicutes,Bacilli,Lactobacillales,Lactobacillaceae,Lactobacillus,NA,38595d11af2463804071983817fd812f,TCCGGATTTATTGGGCGTAAAGAGAACGCAGGCGGTCTTTTAAGTCTGATGTGAAAGCCTTCGGCTTAACCGGAGTAGTGCATTGGAAACTGGGAGACTTGAGTGCAGAAGAGGAGAGTGGAACTCCATGTGTAGCGGTGAAATGCGTAGATATATGGAAGAACACCAGTGGCGAAAGCGGCTCTCTGGTCTGTAACTGACGCTGAGGTTCGA,example,,,
d__Bacteria,Firmicutes,Bacilli,Lactobacillales,Lactobacillaceae,Lactobacillus,Lactobacillus_intestinalis,fe8c5639ffbd6eb45b37ec4047660eae,TCCGGATTTATTGGGCGTAAAGCGAGCGCAGGCGGAAAGATAAGTCTGATGTGAAAGCCCCCGGCTTAACCGAGGAATTGCATCGGAAACTGTGTTTCTTGAGTGCAGAAGAGGAGAGTGGAACTCCATGTGTAGCGGTGGAATGCGTAGATATATGGAAGAACACCAGTGGCGAAGGCGGCTCTCTGGTCTGTAACTGACGCTGAGGCTCGA,example,,,
d__Bacteria,Firmicutes,Bacilli,Lactobacillales,Lactobacillaceae,Lactobacillus,NA,5b207c24ec9487c106efc9f979e6d11e,TCCGGATTTATTGGGCGTAAAGCGAGCGCAGGCGGTTTTTTAAGTCTGATGTGAAAGCCCTCGGCTTAACCGAGGAAGTGCATCGGAAACTGGGAAACTTGAGTGCAGAAGAGGACAGTGGAACTCCATGTGTAGCGGTGAAATGCGTAGATATATGGAAGAACACCAGTGGCGAAGGCGGCTGTCTGGTCTGTAACTGACGCTGAGGCTCGA,example,,,
d__Bacteria,Firmicutes,Bacilli,Lactobacillales,Lactobacillaceae,Lactobacillus,Lactobacillus_rhamnosus,d1057723907570799e8564154d090074,TCCGGATTTATTGGGCGTAAAGCGAGCGCAGGCGGTTTTTTAAGTCTGATGTGAAAGCCCTCGGCTTAACCGAGGAAGTGCATCGGAAACTGGAAAACTTGAGTGCAGAAGAGGACAGTGGAACTCCATGTGTAGCGGTGAAATGCGTAGATATATGGAAGAACACCAGTGGCGAAGGCGGCTGTCTGGTCTGTAACTGACGCTGAGGCTCGA,example,,,
d__Bacteria,Firmicutes,Bacilli,Lactobacillales,Lactobacillaceae,Lactobacillus,NA,9e69a0dbd89375e49ff64d8504e9609d,TCCGGATTTATTGGGCGTAAAGGGAACGCAGGCGGTCTTTTAAGTCTGATGTGAAAGCCTTCGGCTTAACCGGAGTAGTGCATTGGAAACTGGGAGACTTGAGTGCAGAAGAGGAGAGTGGAACTCCATGTGTAGCGGTGAAATGCGTAGATATATGGAAGAACACCAGTGGCGAAAGCGGCTCTCTGGTATGTAACTGACGCTGAGGTTCGA,example,,,
d__Bacteria,Firmicutes,Bacilli,Lactobacillales,Lactobacillaceae,Lactobacillus,NA,1bd9202ce477068116904a3a0f715ceb,TCCGGATTTATTGGGCGTAAAGCGAGCGCAGGCGGTTTTTTAAGTCTGATGTGAAAGCCCTCGGCTTAACCGAGGAAGTGCATCGGAAACTGGAAAACTTGAGTGCAGAAGAGAACAGTGGAACTCCATGTGTAGCGGTGAAATGCGTAGATATATGGAAGAACACCAGTGGCGAAGGCGGCTGTCTGGTCTGTAACTGACGCTGAGGCTCGA,example,,,
d__Bacteria,Firmicutes,Bacilli,Lactobacillales,Lactobacillaceae,Lactobacillus,NA,2bf1dfcdeca6629135f4014f138344ae,TCCGGATTTATTGGGCGTAAAGCGAGTGCAGGCGGTTCAATAAGTCTGATGTGAAAGCCTTCGGCTCAACCGGAGAATTGCATCAGAAACTGTTGAACTTGAGTGCAGAAGAGGAGAGTGGAACTCCATGTGTAGCGGTGGAATGCGTAGATATATGGAAGAACACCAGTGGCGAAGGCGGCTCTCTGGTCTGCAACTGACGCTGAGGCTCGA,example,,,
d__Bacteria,Firmicutes,Bacilli,Lactobacillales,Lactobacillaceae,Lactobacillus,NA,03de8e2bcf23e698cbbe3391badb262e,TCCGGATTTATTGGGCGTAAAGAGAACGCAGGCGGTCTTTTAAGTCTGATGTGAAAGTCTTCGGCTTAACCGGAGTAGTGCATTGGAAACTGGGAGACTTGAGTGCAGAAGAGGAGAGTGGAACTCCATGTGTAGCGGTGAAATGCGTAGATATATGGAAGAACACCAGTGGCGAAAGCGGCTCTCTGGTCTGTAACTGACGCTGAGGTTCGA,example,,,
d__Bacteria,Firmicutes,Bacilli,Lactobacillales,Lactobacillaceae,Lactobacillus,Lactobacillus_rhamnosus,8fab701713763ad93e484932801c8f2e,TCCGGATTTATTGGGCGTAAAGCGAGCGCAGGCGGTTTTTTAAGTCTGATGTTAAAGCCCTCGGCTTAACCGAGGAAGTGCATCGGAAACTGGAAAACTTGAGTGCAGAAGAGGACAGTGGAACTCCATGTGTAGCGGTGAAATGCGTAGATATATGGAAGAACACCAGTGGCGAAGGCGGCTGTCTGGTCTGTAACTGACGCTGAGGCTCGA,example,,,
d__Bacteria,Firmicutes,Bacilli,Lactobacillales,Lactobacillaceae,Lactobacillus,NA,0ef8ecb67e53f32d9178e9af019b6411,TCCGGATTTATTGGGCGTAAAGGGAACGCAGGCGGTCTTTTAAGTCTGATGTGAAAGCCTTCGACTTAACCGGAGTAGTGCATTGGAAACTGGGAGACTTGAGTGCAGAAGAGGAGAGTGGAACTCCATGTGTAGCGGTGAAATGCGTAGATATATGGAAGAACACCAGTGGCGAAAGCGGCTCTCTGGTCTGTAACTGACGCTGAGGTTCGA,example,,,
d__Bacteria,Firmicutes,Bacilli,Lactobacillales,Lactobacillaceae,Lactobacillus,NA,95189e1fb0f6cd09b42e36e73ad19c5f,TCCGGATTTATTGGGCGTAAAGCGAGCGCAGGCGGTTTTTTAAGTCTGATGTGAAAGCCCTCGGCTTAACCGAGGAAGTGCATCGGAAACTGGAAAACTTGAGTGCAGAAGAGGACAGTGGAACTCTATGTGTAGCGGTGAAATGCGTAGATATATGGAAGAACACCAGTGGCGAAGGCGGCTGTCTGGTCTGTAACTGACGCTGAGGCTCGA,example,,,
d__Bacteria,Firmicutes,Bacilli,Lactobacillales,Lactobacillaceae,Lactobacillus,NA,0a2adbe94af06f77d421242f1affb802,TCCGGATTTATTGGGCGTAAAGCGAGCGCAGGCGGTTTCTTAAGTCTGATGTGAAAGCCTTCGGCTCAACCGAAGAAGTGCATCGGAAACTGGGGAACTTGAGTGCAGAAGAGGACAGTGGAACTCCATGTGTAGCGGTGAAATGCGTAGATATATGGAAGAACACCAGTGGCGAAGGCGGCTGTCTGGTCTGTAACTGACGCTGAGGCTCGA,example,,,
d__Bacteria,Firmicutes,Bacilli,Lactobacillales,Lactobacillaceae,Lactobacillus,NA,624c0567c4cabb0ca37fe77506b35631,TCCGGATTTATTGGGCGTAAAGCGAGCGCAGGCGGTTTTTTAAGTCTGATGTGAAAGCCCTCGGCTTAGCCGAGGAAGTGCATCGGAAACTGGAAAACTTGAGTGCAGAAGAGGACAGTGGAACTCCATGTGTAGCGGTGAAATGCGTAGATATATGGAAGAACACCAGTGGCGAAGGCGGCTGTCTGGTCTGTAACTGACGCTGAGGCTCGA,example,,,
d__Bacteria,Firmicutes,Bacilli,Lactobacillales,Lactobacillaceae,Lactobacillus,NA,c6afbeeca27930f5654408d676ea08a9,TCCGGATTTATTGGGCGCAAAGAGAACGCAGGCGGTCTTTTAAGTCTGATGTGAAAGCCTTCGGCTTAACCGGAGTAGTGCATTGGAAACTGGGAGACTTGAGTGCAGAAGAGGAGAGTGGAACTCCATGTGTAGCGGTGAAATGCGTAGATATATGGAAGAACACCAGTGGCGAAAGCGGCTCTCTGGTCTGTAACTGACGCTGAGGTTCGA,example,,,
d__Bacteria,Firmicutes,Bacilli,Lactobacillales,Lactobacillaceae,Lactobacillus,NA,75107cd5fb46778f248c4a6fea4bad0f,TCCGGATTTATTGGGCGTAAAGCGAGCGCAGGCGGTTTTTTAAGTCTGATGTGAAAGCCCTCGGCTTAACCGAGGAAGTGCATCGGAAACTGGGAAACTTGAGTGCAGAAGAGGACAGTGGAACTCCATGTGTAGCGGTGAAATGCGTAGATATATGGAAGAACACCAGTGGCGAAGGCGGCTGTCTAGTCTGTAACTGACGCTGAGGCTCGA,example,,,
d__Bacteria,Firmicutes,Bacilli,Lactobacillales,Lactobacillaceae,Lactobacillus,NA,3983d6d7c44e4d3e558b19390370e7f8,TCCGGATTTATTGGGCGTAAAGCGAGCGCAGGCGGTTGCTTAGGTCTGATGTGAAAGCCTTCGGCTTAACCGAAGAAGTGCATCGGAAACCGGGCGACTTGAGTGCAGAAGAGGACAGTGGAACTCCATGTGTAGCGGTGGAATGCGTAGATATATGGAAGAACACCAGTGGCGAAGGCGGCTGTCTGGTCTGCAACTGACGCTGAGGCTCGA,example,,,
d__Bacteria,Firmicutes,Bacilli,Lactobacillales,Lactobacillaceae,Lactobacillus,NA,f63a69debf3d83059063b804a9558147,TCCGGATTTATTGGGCGTAAAGCGAGCGCAGGCGGTTTTTTAAGTCTGATGTGAAAGCCCTCGGCTTAACCGAGGAAGTGCATCGGAAACTGGGAAACTTGAATGCAGAAGAGGACAGTGGAACTCCATGTGTAGCGGTGAAATGCGTAGATATATGGAAGAACACCAGTGGCGAAGGCGGCTGTCTGGTCTGTAACTGACGCTGAGGCTCGA,example,,,
d__Bacteria,Firmicutes,Bacilli,Lactobacillales,Lactobacillaceae,Lactobacillus,Lactobacillus_rhamnosus,0093bc482f0004d47d1d6536c9616842,TCCGGATTTATTGGGCGTAAAGCGAGCGCAGGCGGTTTTTTAAGTCTGATGTGAAAGCCCTCGGCTTAACCGAGGAAGTGCATCGGAAACTGGAAAACTTGAGTGCAGAAGAGGACAGTGGAACTCCATGTGTAGCGGTGAAATGCGTAGATATATGGAAGAACACCAGTGGCAAAGGCGGCTGTCTGGTCTGTAACTGACGCTGAGGCTCGA,example,,,
d__Bacteria,Firmicutes,Bacilli,Lactobacillales,Lactobacillaceae,Lactobacillus,Lactobacillus_rhamnosus,f24ecf2cac4e9645411775218d4c2971,TCCGGATTTATTGGGCGTAAAGCGAGCGAAGGCGGTTTTTTAAGTCTGATGTGAAAGCCCTCGGCTTAACCGAGGAAGTGCATCGGAAACTGGAAAACTTGAGTGCAGAAGAGGACAGTGGAACTCCATGTGTAGCGGTGAAATGCGTAGATATATGGAAGAACACCAGTGGCGAAGGCGGCTGTCTGGTCTGTAACTGACGCTGAGGCTCGA,example,,,
d__Bacteria,Firmicutes,Bacilli,Lactobacillales,Lactobacillaceae,Lactobacillus,NA,8bc0f5e0572452ed0ec0c3917a3d54ad,TCCGGATTTATTGGGCGTAAAGGGAACGCAGGCGGTCTTTTAAGTCTGATGTGAAAGCCTTCGGCTTAACCGGAGTAGTGCATTGGAAACTGGGAGACTTGAGTGCAGAAGAGGAGAGTGGAACTCCATGTGTAGCGGTGAAATGCGTAGATATATGGAAGAACACCAGTGGCGAAAGCGGCTCTCTGGTCTGTAACTGACGCCGAGGTTCGA,example,,,
d__Bacteria,Firmicutes,Bacilli,Lactobacillales,Lactobacillaceae,Lactobacillus,NA,3409728849f193139fe310c4ec06b360,TCCGGATTTATTGGGCGTAAAGCGAGCGCAGGCGGTTTTTTAAGTCTGATGTGAAAGCCCTCGGCTTAACCGAGGAAGTGCATCGGAAATTGGAAAACTTGAGTGCAGAAGAGGACAGTGGAACTCCATGTGTAGCGGTGAAATGCGTAGATATATGGAAGAACACCAGTGGCGAAGGCGGCTGTCTGGTCTGTAACTGACGCTGAGGCTCGA,example,,,
d__Bacteria,Firmicutes,Bacilli,Lactobacillales,Lactobacillaceae,Lactobacillus,Lactobacillus_rhamnosus,02449e7f76796196aec7175545353f68,TCCGGATTTATTGGGCGTAAAGCAAGCGCAGGCGGTTTTTTAAGTCTGATGTGAAAGCCCTCGGCTTAACCGAGGAAGTGCATCGGAAACTGGGAAACTTGAGTGCAGAAGAGGACAGTGGAACTCCATGTGTAGCGGTGAAATACGTAGATATATGGAAGAACACCAGTGGCGAAGGCGGCTGTCTGGTCTGTAACTGACGCTGAGGCTCGA,example,,,
d__Bacteria,Firmicutes,Bacilli,Lactobacillales,Lactobacillaceae,Lactobacillus,Lactobacillus_rhamnosus,d12cfc68418e0c93912d700ebf724b40,TCCGGATTTATTGGGCGTAAAGCGAGCGCAGGCGGTTTTTTAAGTCTGATGTGAAAGCCCTCGGCTTAACCGAGGAAGTGCATCGGAAACTGGAAAACTTGAGTGCAGAAGAGGACAGTGGAACTCCATGTGTAGCGGTGAAATGCATAGATATATGGAAGAACACCAGTGGCGAAGGCGGCTGTCTGGTCTGTAACTGACGCTGAGGCTCGA,example,,,
d__Bacteria,Firmicutes,Bacilli,Lactobacillales,Lactobacillaceae,Lactobacillus,NA,a6fcda4730660b2328f6180e329c890a,TCCGGATTTATTGGGCGTAAAGCGAGCGCAGGCGGTTTTTTAAGTCTGATGTGAAAGCCCTCGGCTTAACCGAGGAAGTGCATCGGAAACTGGAAAACTTGAGTGCAGAAGAGGACAGTGGAACTCCATGTGTAGCGGTGGAATGCGTAGATATATGGAAGAACACCAGTGGCGAAGGCGGCTGTCTGGTCTGTAACTGACGCTGAGGCTCAA,example,,,
d__Bacteria,Firmicutes,Bacilli,Lactobacillales,Lactobacillaceae,Lactobacillus,NA,c70bf45cd2979c32323fa27d785a980f,TCCGGATTCACTGGGCGTAAAGGGAGCGCAGGCGGCACGGCAAGTCTGGTGTGAAGACCCGGGGCTCAACCCCGGGACTGCATTGGAAACTGGGAGACTTGAGTGCAGAAGAGGAGAGTGGAACTCCATGTGTAGCGGTGAAATGCGTAGATATATGGAAGAACACCAGTGGCGAAAGCGGCTCTCTGGTCTGTAACTGACGCTGAGGTTCGA,example,,,
d__Bacteria,Firmicutes,Bacilli,Lactobacillales,Lactobacillaceae,Lactobacillus,NA,e89f0790dba7f60de1ed97eddbcb0b51,TCCGGAATTACTGGGTGTAAAGGGAGCGCAGACGGCAGTGCAAGTCTGGAGTGAAGGCCCGTGGCTTAACTACGGGACTGCTCTGGAAACTGGGAGACTTGAGTGCAGAAGAGGAGAGTGGAACTCCATGTGTAGCGGTGAAATGCGTAGATATATGGAAGAACACCAGTGGCGAAAGCGGCTCTCTGGTCTGTAACTGACGCTGAGGTTCGA,example,,,
d__Bacteria,Firmicutes,Bacilli,Lactobacillales,Lactobacillaceae,Lactobacillus,NA,48f45c501936371014eba0e63f9a15e6,TCCGGATTTATTGGGCGTAAAGGGAACGCAGGCGGTCTTTTAAGTCTGATGTGAAAGCCTTCGGCTTAACCGGAGTAGTGCATTGGAAACTGGGAGACTTGAGTGCAGAAGAGGAGAGTGGAACTCCATGTGTAGCGGTAAAATGCGTAGATATCAGGAGGAATACCGTTAGCGAAGGCGGCAATCTGGCTGGAAACTGACGCTGAGGTGCGA,example,,,
d__Bacteria,Firmicutes,Bacilli,Lactobacillales,Streptococcaceae,Lactococcus,NA,916fbd1b5c4f940d28a24f41423c8827,TCCGGATTTATTGGGCGTAAAGCGAGCGCAGGTGGTTTATTAAGTCTGGTGTAAAAGGCAGTGGCTCAACCATTGTATGCATTGGAAACTGGTAGACTTGAGTGCAGGAGAGGAGAGTGGAATTCCATGTGTAGCGGTGAAATGCGTAGATATATGGAGGAACACCGGTGGCGAAAGCGGCTCTCTGGCCTGTAACTGACACTGAGGCTCGA,example,,,
d__Bacteria,Firmicutes,Bacilli,Lactobacillales,Streptococcaceae,Lactococcus,NA,a0a1b218f9e1998ce70883607fe79d79,TCCGGATTTATTGGGCGTAAAGTGAGCGCAGGTGGTTTATTAAGTCTGGTGTAAAAGGCAGTGGCTCAACCATTGTATGCATTGGAAACTGGTAGACTTGAGTGCAGGAGAGGAGAGTGGAATTCCATGTGTAGCGGTGAAATGCGTAGATATATGGAGGAACACCGGTGGCGAAAGCGGCTCTCTGGCCTGTAACTGACACTGAGGCTCGA,example,,,
d__Bacteria,Firmicutes,Bacilli,Lactobacillales,Streptococcaceae,Lactococcus,Lactococcus_lactis,f939431d530d4e0074dbb0fd451e5683,TCCGGATTTATTGGGCGTAAAGCGAGCGCAGGTGGTTTATTAAGTCTGGTGTAAAAGGCAGTGGCTCAACCATTGTATGCATTGGAAACTGGTAAACTTGAGTGCAGGAGAGGAGAGTGGAATTCCATGTGTAGCGGTGAAATGCGTAGATATATGGAGGAACACCGGTGGCGAAAGCGGCTCTCTGGCCTGTAACTGACACTGAGGCTCGA,example,,,
d__Bacteria,Firmicutes,Bacilli,Lactobacillales,Streptococcaceae,Lactococcus,NA,020ce7f01bfb5b9518fad4a3f0e9d075,TCCGGATTTATTGGGCGTAAAGCGAACGCAGGTGGTTTATTAAGTCTGGTGTAAAAGGCAGTGGCTCAACCATTGTATGCATTGGAAACTGGTAGACTTGAGTGCAGGAGAGGAGAGTGGAATTCCATGTGTAGCGGTGAAATGCGTAGATATATGGAGGAACACCGGTGGCGAAAGCGGCTCTCTGGCCTGTAACTGACACTGAGGCTCGA,example,,,
d__Bacteria,Firmicutes,Bacilli,Lactobacillales,Streptococcaceae,Lactococcus,NA,b07efb66881237276e476944bd832ba5,TCCGGATTTATTGGGCGTAAAGCGAGCGCAGGTGGTTTATTAAGTCTGGTGTAAAAGGCAGTGGCTCAACCATTGTATGCATTGGAAACTGGTAGACTTGAGTGCAGGAGAGGATAGTGGAATTCCATGTGTAGCGGTGAAATGCGTAGATATATGGAGGAACACCGGTGGCGAAAGCGGCTCTCTGGCCTGTAACTGACACTGAGGCTCGA,example,,,
d__Bacteria,Firmicutes,Bacilli,Lactobacillales,Streptococcaceae,Lactococcus,NA,87f152a7516742d506b2450a67561be1,TCCGGATTTATTGGGCGTAAAGCGAGCGCAGGTGGTTTATTAAGTCTGGTGTAAAAGGCAGTGGCTCAACCATTGTATGCATTGGAAACTGGTAGACTTGAGTGCAGGAGAGGAAAGTGGAATTCCATGTGTAGCGGTGAAATGCGTAGATATATGGAGGAACACCGGTGGCGAAAGCGGCTCTCTGGCCTGTAACTGACACTGAGGCTCGA,example,,,
d__Bacteria,Firmicutes,Bacilli,Lactobacillales,Streptococcaceae,Lactococcus,NA,d19bdefbbcb6857ec170903e4714706e,TCCGGATTTATTGGGCGTAAAGCGAGCGCAGGTGGTTTATTAAGTCTGGTGTAAAAGGCAGTGGCTCAACCATTGTATGCATTGGAAACAGGTAGACTTGAGTGCAGGAGAGGAGAGTGGAATTCCATGTGTAGCGGTGAAATGCGTAGATATATGGAGGAACACCGGTGGCGAAAGCGGCTCTCTGGCCTGTAACTGACACTGAGGCTCGA,example,,,
d__Bacteria,Firmicutes,Bacilli,Lactobacillales,Streptococcaceae,Lactococcus,NA,e49ecb227ede050944211d276155b9fb,TCCGGATTTATTGGGCGTAAAGCGAGCGCAGGTAGTTTATTAAGTCTGGTGTAAAAGGCAGTGGCTCAACCATTGTATGCATTGGAAACTGGTAGACTTGAGTGCAGGAGAGGAGAGTGGAATTCCATGTGTAGCGGTGAAATGCGTAGATATATGGAGGAACACCGGTGGCGAAAGCGGCTCTCTGGCCTGTAACTGACACTGAGGCTCGA,example,,,
d__Bacteria,Firmicutes,Bacilli,Lactobacillales,Streptococcaceae,Lactococcus,NA,bbff60801163acf9af74ed608cf07cef,TCCGGATTTATTGGGCGTAAAGCGAGCGCAGGTGGTTTATTAAGTCTGGTGTAAAAGGCAGTGGCTCAACCATTGTATGCATTGGAAACTGGTAGACTTGAGTGCAGGAGAGGAGAGTGGAATTCCATGTGTAGCGGTGAAATGCGTAGATATCACGCAGAACTCCGACTGCGAAGGCAGCGCACCGGCGCCCTACTGACGCTCAGGCACGA,example,,,
d__Bacteria,Firmicutes,Bacilli,Lactobacillales,Streptococcaceae,Lactococcus,NA,f1589661f23fc7af55b1caa716c6ed6d,TCCGGATTTATTGGGCGTAAAGCGAGCGCAGGTGGTTTATTAAGTCTGGTGTAAAAGGCAGTGGCTCAACCATTGTATGCATTGGAAACTGGTAGACTTGAGTGCAGGAGAGGAGAGTGGAATTCCATGTGTAGCGGTGAAATGCATAGATATCACGCAGAACTCCGATTGCGAAGGCAGCATACCGGCGCCCGACTGACGCTCAGGCACGA,example,,,
d__Bacteria,Firmicutes,Bacilli,Lactobacillales,Streptococcaceae,Lactococcus,NA,ece5546939a8dd33e7e0038b40ac96a3,TTCGGAATCACTGGGCGTAAAGGGAGCGTAGACGGCGATGCAAGTCTGAAGTGAAAGGCGGGGGCCCAACCCCCGGACTGCTTTGGAAACTGGTAGACTTGAGTGCAGGAGAGGAGAGTGGAATTCCATGTGTAGCGGTGAAATGCGTAGATATATGGAGGAACACCGGTGGCGAAAGCGGCTCTCTGGCCTGTAACTGACACTGAGGCTCGA,example,,,
d__Bacteria,Firmicutes,Bacilli,Lactobacillales,Streptococcaceae,Lactococcus,NA,31219744a130f431b2b2500a09af4066,TCCGGATTTACTGGGTGTAAAGGGCGTGCAGCCGGAGAGACAAGTCAGATGTGAAATCCTGCGGCTCAACCATTGTATGCATTGGAAACTGGTAGACTTGAGTGCAGGAGAGGAGAGTGGAATTCCATGTGTAGCGGTGAAATGCGTAGATATATGGAGGAACACCGGTGGCGAAAGCGGCTCTCTGGCCTGTAACTGACACTGAGGCTCGA,example,,,
d__Bacteria,Bacteroidota,Bacteroidia,Bacteroidales,Muribaculaceae,Muribaculaceae,uncultured_bacterium,080b3e6d30fb610871534470514436bd,TCCGGATTTATTGGGTTTAAAGGGTGCGCAGGCGGCCCGACAAGCCGGCGGTCAAATCGCGGGGCTCAACCCCGTCCAGCCGTCGGAACTGCCGGGCTAGAGTGGGCGAGAAGTGCGCGGAATGCGTGGTGTAGCGGTGAAATGCATAGATATCACGCAGAACTCCGATTGCGAAGGCAGCGCACCGGCGCCCTACTGACGCTCAGGCACGA,example,,,
d__Bacteria,Bacteroidota,Bacteroidia,Bacteroidales,Muribaculaceae,Muribaculaceae,uncultured_Bacteroidales,775726f6788faf7d9f7149bc11321159,TCCGGATTTATTGGGTTTAAAGGGTGCGTAGGCGGACTGTCAAGTCAGCGGTAAAATACGGGGGCTCAACCTCCGCCCGCCGTTGAAACTGACGGTCTTGAGTGGGCGAGAAGTATGCGGAATGCGTGGTGTAGCGGTGAAATGCATAGATATCACGCAGAACTCCGATTGCGAAGGCAGCATACCGGCGCCCGACTGACGCTGAAGCACGA,example,,,
d__Bacteria,Bacteroidota,Bacteroidia,Bacteroidales,Muribaculaceae,Muribaculaceae,uncultured_Bacteroidales,20cf68b1bf67f8fbea2adc400bdb37bf,TCCGGATTTATTGGGTTTAAAGGGTGCGTAGGCGGACTGTCAAGTCAGCGGTAAAATACGGGGGCTCAACCTCCGCCCGCCGTTGAAACTGACGGTCTTGAGTGGGCGAGAAGTATGCGGAATGCGTGGTGTAGCGGTGAAATGCATAGATATCACGCAGAACTCCGATTGCGAAGGCAGCATACCGGCGCCCAACTGACGCTGAAGCACGA,example,,,
d__Bacteria,Bacteroidota,Bacteroidia,Bacteroidales,Muribaculaceae,Muribaculaceae,uncultured_bacterium,1d86c8acf27fdf09c1aa3c829f3ffe63,TCCGGATTTATTGGGTTTAAAGGGTGCGCAGGCGGATGGTCAAGTCAGCGGTCAAATCACGGGGCTCAACCCCGTCCAGCCGTTGAAACTGGCCGTCTAGAGTGGGCGAGAAGTACGCGGAATGCGTGGTGTAGCGGTGAAATGCATAGATATCACGCAGAACTCCGATTGCGAAGGCAGCGTACCGGCGCCCTACTGACGCTCATGCACGA,example,,,
d__Bacteria,Bacteroidota,Bacteroidia,Bacteroidales,Muribaculaceae,Muribaculaceae,NA,75f8d72715a98c85403fb891aceffa64,TCCGGATTTATTGGGTTTAAAGGGTGCGTAGGCGGACTGTCAAGTCAGCGGTAAAATACGGGGGCTCAACCTCCGCCCGCCGTTGAAACTGACGGTCTTGAGTGGGCGAGAAGCATGCGGAATGCGTGGTGTAGCGGTGAAATGCATAGATATCACGCAGAACTCCGATTGCGAAGGCAGCATACCGGCGCCCGACTGACGCTGAAGCACGA,example,,,
d__Bacteria,Bacteroidota,Bacteroidia,Bacteroidales,Muribaculaceae,Muribaculaceae,uncultured_bacterium,bf63a0b09676df17a396c8373dd99d19,TCCGGATTTATTGGGTTTAAAGGGTGCGCAGGCGGGTGGTCAAGTCAGCGGTCAAATCACGGGGCTCAACCCCGTCCAGCCGTTGAAACTGGCCGTCTAGAGTGGGCGAGAAGTACGCGGAATGCGTGGTGTAGCGGTGAAATGCATAGATATCACGCAGAACTCCGATTGCGAAGGCAGCGTACCGGCGCCCTACTGACGCTCATGCACGA,example,,,
d__Bacteria,Bacteroidota,Bacteroidia,Bacteroidales,Muribaculaceae,Muribaculaceae,uncultured_bacterium,a00e7b3d283d98bd686eafb4fb6fa6a0,TCCGGATTTATTGGGTTTAAAGGGTGCGCAGGCGGCCCGACAAGCCGGCGGTCAAATCGCGGGGCTCAACCCCGTCCAGCCGTCGGAACTGCCGGGCTAGAGTGGGCGAGAAGTGCGCGGAATGCGTGGTGTAGCGGTGAAATGCATAGGTATCACGCAGAACTCCGATTGCGAAGGCAGCGCACCGGCGCCCTACTGACGCTCAGGCACGA,example,,,
d__Bacteria,Bacteroidota,Bacteroidia,Bacteroidales,Muribaculaceae,Muribaculaceae,uncultured_bacterium,5d863d659f677db88e014d7bd45c1cdc,TCCGGATTTATTGGGTTTAAAGGGTGCGCAGGCGGCCCGACAAGCCGGCGGTCAAATCGCGGGGCTCAACCCCGTCCAGCCGTCGGAACTGCCGGGCTAGAGTGGGCGAGAAGTGCGCGGAATGCGTGGTGTAGCGGTGAAATGCATAGACATCACGCAGAACTCCGATTGCGAAGGCAGCGCACCGGCGCCCTACTGACGCTCAGGCACGA,example,,,
d__Bacteria,Bacteroidota,Bacteroidia,Bacteroidales,Muribaculaceae,Muribaculaceae,uncultured_bacterium,4f25a280d6bb52c097a7f8af2ad5e660,TCCGGATTTATTGGGTTTAAAGGGTGCGCAGGCGGCCCGACAAGCCGGCGGTCAAATCGCGGGGCTCAACCCCGTCCAGCCGTCGGAACTGCCGGGCTAGAGTGGGCGAGAAGTGCGCGGAATGCGTGGTGTAGCGGCGAAATGCATAGATATCACGCAGAACTCCGATTGCGAAGGCAGCGCACCGGCGCCCTACTGACGCTCAGGCACGA,example,,,
d__Bacteria,Bacteroidota,Bacteroidia,Bacteroidales,Muribaculaceae,Muribaculaceae,uncultured_Bacteroidales,36b84ba6284c2f5b68ea823201c08981,TCCGGATTTATTGGGTTTAAAGGGTGCGTAGGCGGACTGTCAAGTCAGCGGTAAAATACGGGGGCTCAACCTCCGCCCGCCGTTGAAACTGACGGTCTTGAGTGGGCGAGAAGTATGCGGAATGCGTGGTGTAGCGGTGAAATGCATAGATATCACGCAGAACTCCGATTGCGAAGGCAGCATACCGGCGCCCAACCGACGCTGAAGCACGA,example,,,
d__Bacteria,Bacteroidota,Bacteroidia,Bacteroidales,Muribaculaceae,Muribaculaceae,uncultured_bacterium,5d7059b08113940edb6bb2a59774bfc1,TCCGGATTTATTGGGTTTAAAGGGTGCGCAGGCGGATGGTCAAGTCAGCGGTCAGATCACGGGGCTCAACCCCGTCCAGCCGTTGAAACTGGCCGTCTAGAGTGGGCGAGAAGTACGCGGAATGCGTGGTGTAGCGGTGAAATGCATAGATATCACGCAGAACTCCGATTGCGAAGGCAGCGTACCGGCGCCCTACTGACGCTCATGCACGA,example,,,
d__Bacteria,Bacteroidota,Bacteroidia,Bacteroidales,Muribaculaceae,Muribaculaceae,uncultured_bacterium,8ddc2e926268be03f66fe89a8ba1a03d,TCCGGATTTATTGGGTTTGAAGGGTGCGCAGGCGGCCCGACAAGCCGGCGGTCAAATCGCGGGGCTCAACCCCGTCCAGCCGTCGGAACTGCCGGGCTAGAGTGGGCGAGAAGTGCGCGGAATGCGTGGTGTAGCGGTGAAATGCATAGATATCACGCAGAACTCCGATTGCGAAGGCAGCGCACCGGCGCCCTACTGACGCTCAGGCACGA,example,,,
d__Bacteria,Bacteroidota,Bacteroidia,Bacteroidales,Muribaculaceae,Muribaculaceae,uncultured_bacterium,18257529d6bbfa64a368fe32c32c2256,TCCGGATTTATTGGGTTTAAAGGGTGCGCAGGCGGCCCGACGAGCCGGCGGTCAAATCGCGGGGCTCAACCCCGTCCAGCCGTCGGAACTGCCGGGCTAGAGTGGGCGAGAAGTGCGCGGAATGCGTGGTGTAGCGGTGAAATGCATAGATATCACGCAGAACTCCGATTGCGAAGGCAGCGCACCGGCGCCCTACTGACGCTCAGGCACGA,example,,,
d__Bacteria,Bacteroidota,Bacteroidia,Bacteroidales,Muribaculaceae,Muribaculaceae,uncultured_Bacteroidales,4b1bec5a203ca4d905d71d17b451fb82,TCCGGATTTATTGGGTTTAAAGGGTGCGTAGGCGGACTGTCAAGTCAGCGGTAAAATACGGGGGCTCAACCTCCGCCCGCCGTTGAAACTGACGGTCTTGAGTGGGCGAGAAGTATGCGGAATGCGTGGTGTAGCGGTGAAATGCATAGATATCACGCAGGACTCCGATTGCGAAGGCAGCATACCGGCGCCCAACTGACGCTGAAGCACGA,example,,,
d__Bacteria,Bacteroidota,Bacteroidia,Bacteroidales,Muribaculaceae,Muribaculaceae,uncultured_bacterium,15afe9446d6d327c26c14ad568510784,TCCGGATTTATTGGGTTTAAAGGGTGCGCAGGCGGCCCGACAAGCCGGCGGTCAAATCGCGGGGCTCAACCCCGTCCAGCCGTCGGAACTGCCGGGCTAGAGTGGGCGAGAAGTGCGCGGAATGCGTGGTGTAGCGGTGAAATGCATAGATATCAGGAGGAACACCGGTGGCGAAAGCGGCTCTCTGGTCTGTAACTGACGCTGAGGTTCGA,example,,,
d__Bacteria,Bacteroidota,Bacteroidia,Bacteroidales,Muribaculaceae,Muribaculaceae,uncultured_bacterium,eeb7c36ee347f16a07365bf2883c2cdc,TCCGGATTTATTGGGTTTAAAGGGTGCGCAGGCGGCCCGACAAGCCGGCGGTCAAATCGCGGGGCTCAACCCCGTCCAGCCGTCGGAACTGCCGGGCTAGAGTGGGCGAGAAGTGCGCGGAATGCGTGGTGTAGCGGTGAAATGCATAGATATTAGGAGGAACACCAGTTGCGAAGGCGACTTACTGGACGATAACTGACGTTGAGGCTCGA,example,,,
d__Bacteria,Bacteroidota,Bacteroidia,Bacteroidales,Muribaculaceae,Muribaculaceae,uncultured_bacterium,2db8cedd2de0e9b4138388fb201e5c55,TCCGGATTTATTGGGTTTAAAGGGTGCGTAGGCGGACTGTCAAGTCAGCGGTAAAATACGGGGGCTCAACCTCCGCCCGCCGTTGAAACTGACGGTCTTGAGTGGGCGAGAAGTATGCGGAATGCGTGGTGTAGCGGTGAAATGCATAGATATTAGGAGGAACACCAGTTGCGAAGGCGGCCTGCTGGGCTTTAACTGACGCTGAGGCTCGA,example,,,
d__Bacteria,Bacteroidota,Bacteroidia,Bacteroidales,Muribaculaceae,Muribaculaceae,uncultured_bacterium,214faa043f8b704265d5414ec005444e,TCCGGATTTATTGGGTTTAAAGGGTGCGTAGGCGGACTGTCAAGTCAGCGGTAAAATACGGGGGCTCAACCTCCGCCCGCCGTTGAAACTGACGGTCTTGAGTGGGCGAGAAGTATGCGGAATGCGTGGTGTAGCGGTGAAATGCATAGATATCGGGAAGAACACCGATGGCGAAGGCAGCCTGCTGGGCCGCAACTGACGCTGTGGCGCGA,example,,,
d__Bacteria,Bacteroidota,Bacteroidia,Bacteroidales,Muribaculaceae,Muribaculaceae,uncultured_bacterium,4c8a71e0eb7ca81f7ce5b315245a0aae,TCCGGATTTATTGGGTTTAAAGGGTGCGCAGGCGGCCCGACAAGCCGGCGGTCAAATCGCGGGGCTCAACCCCGTCCAGCCGTCGGAACTGCCGGGCTAGAGTGGGCGAGAAGTGCGCGGAATGCGTGGTGTAGCGGTGAAATGCGTAGATATCGAGAGGAACACTCGTGGCGAAGGCGGGTTCCTGGACATTAACTGACGTTGAGGCCCGA,example,,,
d__Bacteria,Bacteroidota,Bacteroidia,Bacteroidales,Muribaculaceae,Muribaculaceae,uncultured_bacterium,71d0f635f83cfd15447a49c551b02403,TCCGGATTTACTGGGTGTAAAGGGAGCGTAGGCGGCCACGCAAGTCAGAAGTGAAAACCCGGGGCTCAACCCTGGGAGTGCTTTTGAAACTGTGCGGCTAGAGTGGGCGAGAAGTGCGCGGAATGCGTGGTGTAGCGGTGAAATGCATAGATATCACGCAGAACTCCGATTGCGAAGGCAGCGCACCGGCGCCCTACTGACGCTGAGGTTCGA,example,,,
d__Bacteria,Bacteroidota,Bacteroidia,Bacteroidales,Muribaculaceae,Muribaculaceae,uncultured_bacterium,95457ba9d0d2a0c38a259a02dbe83296,TCCGGATTTATTGGGTTTAAAGGGTGCGTAGGTGGTTAATTAAGTCAGCGGTGAAAGTTTGTGACTCAACCATAAAATTGCCGTTGAAACTGGCCGTCTAGAGTGGGCGAGAAGTACGCGGAATGCGTGGTGTAGCGGTGAAATGCATAGATATCACGCAGAACTCCGATTGCGAAGGCAGCGTACCGGCGCCCTACTGACGCTCATGCACGA,example,,,
d__Bacteria,Bacteroidota,Bacteroidia,Bacteroidales,Muribaculaceae,Muribaculaceae,uncultured_bacterium,a541c8614a537e289900cd0a823f93b0,TCCGGATTTATTGGGTTTAAAGGGTGCGCAGGCGGATGGTCAAGTCAGCGGTCAAATCACGGGGCTCAACCCCGTCCAGCCGTTGAAACTGGCCGTCTAGAGTGGGCGAGAAGTACGCGGAATGCGTGGTGTAGCGGTGAAATGCGTAGATATATGGAGGAACACCAGTGGCGAAGGCGGCTTGCTGGACGATGACTGACGTTGAGGCTCGA,example,,,
d__Bacteria,Bacteroidota,Bacteroidia,Bacteroidales,Muribaculaceae,Muribaculaceae,uncultured_bacterium,6aff9d7d289fd7f8247eeaa0ff5ce7b8,TCGGGATTTACTGGGTGTAAAGGGCGTGTGGGCGGGGACGCAAGTCAGATGTGAAAACCACGGGCTCAACCTGTGGCCTGCATTTGAAACTGGCCGTCTAGAGTGGGCGAGAAGTACGCGGAATGCGTGGTGTAGCGGTGAAATGCATAGATATCACGCAGAACTCCGATTGCGAAGGCAGCATACCGGCGCCCGACTGACGCTGAAGCACGA,example,,,
d__Bacteria,Bacteroidota,Bacteroidia,Bacteroidales,Muribaculaceae,Muribaculaceae,uncultured_bacterium,2fb5e07043dd17dc6c72db062bc5d2ae,TCCGGATTTACTGGGTGTAGAGGGCGTGCAGCCGGAGAGACAAGTCAGATGTGAAATCCACGGGCTCAACCTCCGCCCGCCGTTGAAACTGACGGTCTTGAGTGGGCGAGAAGTATGCGGAATGCGTGGTGTAGCGGTGAAATGCATAGATATCACGCAGAACTCCGATTGCGAAGGCAGCATACCGGCGCCCGACTGACGCTGAAGCACGA,example,,,
d__Bacteria,Bacteroidota,Bacteroidia,Bacteroidales,Muribaculaceae,Muribaculaceae,uncultured_bacterium,0dee02f118fcce6014adcaca403c2967,TCCGGAATTACTGGGTGTAAAGGGAGCGTAGACGGCTGTGCAAGTCTGGAGTGAAAGGAGGGGGCCCAACCCCGTCCAGCCGTCGGAACTGCCGGGCTAGAGTGGGCGAGAAGTGCGCGGAATGCGTGGTGTAGCGGTGAAATGCATAGATATCACGCAGAACTCCGATTGCGAAGGCAGCGCACCGGCGCCCTACTGACGCTCAGGCACGA,example,,,
d__Bacteria,Bacteroidota,Bacteroidia,Bacteroidales,Muribaculaceae,Muribaculaceae,NA,b8f177e28ca28331d1f931cbf94da544,GTTATCCGGATTTATTGGGTTTAAAGGGTGCGTAGGTGGTTAATTAAGTCAGCGGTGAAATGCATAGATATCACGCAGAACTCCGATTGCGAAGGCAGCGCACCGGCGCCCTACTGACGCTCAGGCACGAAAGC,example,,,
d__Bacteria,Firmicutes,Clostridia,Lachnospirales,Lachnospiraceae,Robinsoniella,Robinsoniella_peoriensis,6f4d6a604bfab042c4f704b47af377b6,TCCGGATTTACTGGGTGTAAAGGGAGCGTAGACGGCATGGCAAGTCTGGTGTGAAAGGCAGGGGCTCAACCCCTGGACTGCATTGGAAACTGTCAGGCTGGAGTGCAGGAGAGGTAAGTGGAATTCCTAGTGTAGCGGTGAAATGCGTAGATATTAGGAGGAACACCAGTGGCGAAGGCGACTTACTGGACTGTAACTGACGTTGAGGCTCGA,example,,,
d__Bacteria,Firmicutes,Clostridia,Lachnospirales,Lachnospiraceae,Robinsoniella,Robinsoniella_peoriensis,c049b7bf6b3617e4aeafe44cc2d042cb,TCCGGATTTACTGGGTGTAAAGGGAGTGTAGACGGCATGGCAAGTCTGGTGTGAAAGGCAGGGGCTCAACCCCTGGACTGCATTGGAAACTGTCAGGCTGGAGTGCAGGAGAGGTAAGTGGAATTCCTAGTGTAGCGGTGAAATGCGTAGATATTAGGAGGAACACCAGTGGCGAAGGCGACTTACTGGACTGTAACTGACGTTGAGGCTCGA,example,,,
d__Bacteria,Firmicutes,Clostridia,Lachnospirales,Lachnospiraceae,Robinsoniella,NA,b5f7b4a8295ad877f059d02214c16f4a,TCCGGATTTACTGGGTGTAAAGGGAGTGTAGACGGCATGGCAAGTCTGGTGTGAAAGGCAGGGGCTCAACCCCTGGACTGCATTGGAAACTGTCAGGCTGGAGTGCAGGAGAGGTAAGTGGAATTCCTAGTGTAGCGGTGAAATGCGTAGATATTAGGAGGAACGCCAGTGGCGAAGGCGGTCTGCTGGACAGCAACTGACGCTGAGGCGCGA,example,,,
d__Bacteria,Firmicutes,Clostridia,Peptostreptococcales-Tissierellales,Peptostreptococcaceae,Romboutsia,NA,c4ad8e58b3dc61e2d9c66692dcd98439,TCCGGAATTACTGGGCGTAAAGGGTGCGTAGGTGGTTTCTTAAGTCAGAGGTGAAAGGCTACGGCTCAACCGTAGTAAGCCTTTGAAACTGGGGAACTTGAGTGCAGGAGAGGAGAGTGGAATTCCTAGTGTAGCGGTGAAATGCGTAGATATTAGGAGGAACACCAGTTGCGAAGGCGGCTCTCTGGACTGTAACTGACACTGAGGCACGA,example,,,
d__Bacteria,Firmicutes,Clostridia,Peptostreptococcales-Tissierellales,Peptostreptococcaceae,Romboutsia,NA,30d87e91be256a2b5f96b636ef04cda2,TCCGGAATTACTGGGCGTAAAGGGTGCGTAGGTGGTTTCTTAAGTCAGAGGTGAAAGGCTACGGCTCAACCGTAGTAAGCCTTTGAAACTGGGAAACTTGAGTGCAGGAGAGGAGAGTGGAATTCCTAGTGTAGCGGTGAAATGCGTAGATATTAGGAGGAACACCAGTTGCGAAGGCGGCTCTCTGGACTGTAACTGACACTGAGGCACGA,example,,,
d__Bacteria,Firmicutes,Clostridia,Peptostreptococcales-Tissierellales,Peptostreptococcaceae,Romboutsia,NA,fcb9bd175c3ad4103b58d16d51f6349a,TCCGGAATTACTGGGCGTAAAGGGTGCGTAGGTGGTTTCTTAAGTCAGAGGTGAAAGGCTACGGCTCAATCGTAGTAAGCCTTTGAAACTGGGAAACTTGAGTGCAGGAGAGGAGAGTGGAATTCCTAGTGTAGCGGTGAAATGCGTAGATATTAGGAGGAACACCAGTTGCGAAGGCGGCTCTCTGGACTGTAACTGACACTGAGGCACGA,example,,,
d__Bacteria,Firmicutes,Clostridia,Peptostreptococcales-Tissierellales,Peptostreptococcaceae,Romboutsia,NA,24427ac8b60e48fbea5d96b349d76071,TCCGGAATTACTGGGCGTAAAGGGTGCGTAGGTGGTTTCTTAAGTCAGAGGTGAAAGGCTACGGCTCAACCGTAGTAAGCCTTTGAAACTGGGGGACTTGAGTGCAGGAGAGGAGAGTGGAATTCCTAGTGTAGCGGTGAAATGCGTAGATATTAGGAGGAACACCAGTTGCGAAGGCGGCTCTCTGGACTGTAACTGACACTGAGGCACGA,example,,,
d__Bacteria,Firmicutes,Clostridia,Peptostreptococcales-Tissierellales,Peptostreptococcaceae,Romboutsia,NA,150a35c3d5224b48c1d97778ce49ccc6,TCCGGAATTACTGGGCGTAAAGGGTGCGTAGGTGGTTTCTTAAGTCAGAGGTGAAAGGCTACGGCTCAACCGTAGTAAGCCTTTGAAACTGGGGAACTTGAGTGCAGGAGAGGAGAGTGGAATTCCTAGTGTAGCGGTGAAATGCGTAGATATCACGCAGAACTCCGATTGCGAAGGCAGCATACCGGCGCCCAACTGACGCTGAGGCACGA,example,,,
d__Bacteria,Firmicutes,Clostridia,Lachnospirales,Lachnospiraceae,Tuzzerella,NA,41cb68abfdc249b5bb11893c996bd682,TCCGGAATTACTGGGTGTAAAGGGTGAGTAGGCGGCATGGTAAGCCAGATGTGAAAGCCTTGGGCTTAACCCGAGGATTGCATTTGGAACTATCAAGCTAGAGTACAGGAGAGGAAAGCGGAATTCCTAGTGTAGCGGTGAAATGCGTAGATATTAGGAAGAACACCAGTGGCGAAGGCGGCTTTCTGGACTGAAACTGACGCTGAGGCACGA,example,,,
d__Bacteria,Firmicutes,Clostridia,Lachnospirales,Lachnospiraceae,Tuzzerella,NA,a1a538afcea09188f4ec25f979d5f376,TCCGGAATTACTGGGTGTAAAGGGTGAGTAGGCGGCATGGTAAGCCAGATGTGAAAGCCTTGGGCTTAACCCGAGGATTGCATTTGGAACTATCAAGCTAGAGTACAGGAGAGGAAAGCGGAATTCCTAGTTTAGCGGTGAAATGCGTAGATATTAGGAAGAACACCAGTGGCGAAGGCGGCTTTCTGGACTGAAACTGACGCTGAGGCACGA,example,,,
d__Bacteria,Firmicutes,Clostridia,Lachnospirales,Lachnospiraceae,Tuzzerella,uncultured_bacterium,747193052b1cd67ae6424d7fec4b4b21,TCCGGAATTACTGGGTGTAAAGGGAGCGTAGGCGGCATGGTAAGCCAGATGTGAAAGCCCGAAGCTTAACTTCGAGGATTGCATTTGGAACTATCAAGCTAGAGTACAGGAGAGGAAAGCGGAATTCCTAGTGTAGCGGTGAAATGCGTAGATATTAGGAAGAACACCAGTGGCGAAGGCGGCTTTCTGGACTGAAACTGACGCTGAGGCACGA,example,,,
