SampleID	Plate	Barcode	Timepoint	Cohort	Mouse	Diet	Treatment 					
1-1-1	1	ATGTTAGGGAAT	1	1	1	BBS	WD					
1-1-2	1	AAGTGGCTATCC	2	1	1	BBS	WD					
1-1-3	1	GTCGTTACCCGC	3	1	1	BBS	WD					
1-1-4	1	AGTATATGTTTC	4	1	1	BBS	WD					
47-3-1 	1	GGCTCGTCGGAG	1	3	47	ATCC	CD					
47-3-2 	1	GACATCTGACAC	2	3	47	ATCC	CD					
47-3-3 	1	AATTTCCTAACA	3	3	47	ATCC	CD					
47-3-4 	1	ATAAACGGACAT	4	3	47	ATCC	CD					
29-2-1 	1	GCTAGTTATGGA	1	2	29	ATCC	CD					
29-2-2 	1	ACTAGTTGGACC	2	2	29	ATCC	CD					
29-2-3 	1	CGCAAGCCCGCG	3	2	29	ATCC	CD					
29-2-4 	1	AGAGCGGAACAA	4	2	29	ATCC	CD					
22-2-1	1	ACATGGGCGGAA	1	2	22	BBS	CD					
22-2-2	1	CTGCGGATATAC	2	2	22	BBS	CD					
22-2-3	1	GTGAGGGCAAGT	3	2	22	BBS	CD					
22-2-4	1	ATATTGGCAGCC	4	2	22	BBS	CD					
15-1-1 	1	TCATCCGTCGGC	1	1	15	ATCC	CD					
15-1-2 	1	GGCTTCGGAGCG	2	1	15	ATCC	CD					
15-1-3 	1	CGGTCAATTGAC	3	1	15	ATCC	CD					
15-1-4 	1	TCCGCTGCTGAC	4	1	15	ATCC	CD					
10-1-1	1	TGCGCGCCTTCC	1	1	10	ATCC	WD					
10-1-2	1	GCGCACACCTTC	2	1	10	ATCC	WD					
10-1-3	1	CACGAAAGCAGG	3	1	10	ATCC	WD					
10-1-4	1	CGTGGCTTTCCG	4	1	10	ATCC	WD					
12-1-1	1	ATTTGGCTCTTA	1	1	12	ATCC	WD					
12-1-2	1	CGCGTCAAACTA	2	1	12	ATCC	WD					
12-1-3	1	ATGTTCCTCATC	3	1	12	ATCC	WD					
12-1-4	1	TCCGTGGTATAG	4	1	12	ATCC	WD					
34-3-1	1	GTTGGTTGGCAT	1	3	34	BBS	WD					
34-3-2	1	AACGGGCGACGT	2	3	34	BBS	WD					
34-3-3	1	TACTGAGCCTCG	3	3	34	BBS	WD					
34-3-4	1	GGTGCAGACAGA	4	3	34	BBS	WD					
5-1-1	1	GATCCGGCAGGA	1	1	5	BBS	CD					
5-1-2	1	CTTCCAACTCAT	2	1	5	BBS	CD					
5-1-3	1	CGACCTCGCATA	3	1	5	BBS	CD					
5-1-4	1	GTCAGAGTATTG	4	1	5	BBS	CD					
2-1-1	1	GAACGATCATGT	1	1	2	BBS	WD					
2-1-2	1	CTCCACATTCCT	2	1	2	BBS	WD					
2-1-3	1	TCTTCGCAGCAG	3	1	2	BBS	WD					
2-1-4	1	CACGCTATTGGA	4	1	2	BBS	WD					
42-3-1	1	GTTAAGCTGACC	1	3	42	ATCC	WD					
42-3-2	1	GCCTAGCCCAAT	2	3	42	ATCC	WD					
42-3-3	1	CATTCGTGGCGT	3	3	42	ATCC	WD					
42-3-4	1	GCGGTCGGTCAG	4	3	42	ATCC	WD					
8-1-1	1	TCAGTCAGATGA	1	1	8	BBS	CD					
8-1-2	1	CGAACGTCTATG	2	1	8	BBS	CD					
8-1-3	1	CAGTCCCTGCAC	3	1	8	BBS	CD					
8-1-4	1	TGATTTAATTGC	4	1	8	BBS	CD					
27-2-1	1	CCTATTGCGGCC	1	2	27	ATCC	WD					
27-2-2	1	GTTAGGGAGCGA	2	2	27	ATCC	WD					
27-2-3	1	AGTACGCAGTCT	3	2	27	ATCC	WD					
27-2-4	1	TATCCTGGTTTC	4	2	27	ATCC	WD					
17-2-1	1	CTGGTCTTACGG	1	2	17	BBS	WD					
17-2-2	1	ATGCCGGTAATA	2	2	17	BBS	WD					
17-2-3	1	ATCAAGATACGC	3	2	17	BBS	WD					
17-2-4	1	CTGAGGCCCTTC	4	2	17	BBS	WD					
38-3-1	1	CAATAGAATAAG	1	3	38	BBS	CD					
38-3-2	1	TATACCGCTGCG	2	3	38	BBS	CD					
38-3-3	1	CAGTGCACGTCT	3	3	38	BBS	CD					
38-3-4	1	CTGGTGCTGAAT	4	3	38	BBS	CD					
31-2-1 	1	ACAAAGGTATCA	1	2	31	ATCC	CD					
31-2-2 	1	TGAACCCTATGG	2	2	31	ATCC	CD					
31-2-3 	1	AATAAGCAATAG	3	2	31	ATCC	CD					
31-2-4 	1	TATGGGTAGCTA	4	2	31	ATCC	CD					
36-3-1	1	ACATAGCGGTTC	1	3	36	BBS	WD					
36-3-2	1	CTTACACTGCTT	2	3	36	BBS	WD					
36-3-4	1	ACTCACAGGAAT	3	3	36	BBS	WD					
36-3-3	1	GTTGAAGCACCT	4	3	36	BBS	WD					
16-1-1	1	GTAAACGACTTG	1	1	16	ATCC	CD					
16-1-2	1	TTGGACGTCCAC	2	1	16	ATCC	CD					
16-1-3	1	GCACGCGAGCAC	3	1	16	ATCC	CD					
16-1-4	1	CTTAGGCATGTG	4	1	16	ATCC	CD					
23-2-1	1	GCGTGGTCATTA	1	2	23	BBS	CD					
23-2-2	1	CCTGCACCTGCA	2	2	23	BBS	CD					
23-2-3	1	TGGTGTTTATAT	3	2	23	BBS	CD					
23-2-4	1	GTGCGGTTCACT	4	2	23	BBS	CD					
PCR-BL-1	1	TAGCGCGAACTT	0	0	0	None	None					
DNA-BL-1	1	ATGTAGGCTTAG	0	0	0	None	None					
DNA-BL-2	1	GCATTACTGGAC	0	0	0	None	None					
PCR-BL-2	1	TCCGGACTCCTG	0	0	0	None	None					
DNA-BL-3	1	GATTCTTTAGAT	0	0	0	None	None					
PCR-BL-3	1	AGGACAAACTAT	0	0	0	None	None					
PCR-BL-4	1	TCTTCCTAAAGT	0	0	0	None	None					
DNA-BL-4	1	CTTGTGCGACAA	0	0	0	None	None					
3-1-1	2	CTACAGGGTCTC	1	1	3	BBS	WD					
3-1-2	2	GTTCATTAAACT	2	1	3	BBS	WD					
3-1-3	2	TTCGATGCCGCA	3	1	3	BBS	WD					
3-1-4	2	TCGTTATTCAGT	4	1	3	BBS	WD					
46-3-1	2	ACTCTGTAATTA	1	3	46	ATCC	CD					
46-3-2	2	ATATGTTCTCAA	2	3	46	ATCC	CD					
46-3-3	2	TCAGACCAACTG	3	3	46	ATCC	CD					
46-3-4	2	TCATTAGCGTGG	4	3	46	ATCC	CD					
48-3-1	2	CTTGGAGGCTTA	1	3	48	ATCC	CD					
48-3-2	2	GTGCCGGCCGAC	2	3	48	ATCC	CD					
48-3-3	2	AGAGGGTGATCG	3	3	48	ATCC	CD					
48-3-4	2	GGATACTCGCAT	4	3	48	ATCC	CD					
19-2-1	2	TCATGGCCTCCG	1	2	19	BBS	WD					
19-2-2	2	ATGTGCTGCTCG	2	2	19	BBS	WD					
19-2-3	2	CCACGAGCAGGC	3	2	19	BBS	WD					
19-2-4	2	CGCCGTACTTGC	4	2	19	BBS	WD					
44-3-1	2	TATCATATTACG	1	3	44	ATCC	WD					
44-3-2	2	CCTTGACCGATG	2	3	44	ATCC	WD					
44-3-3	2	AGCTCTAGAAAC	3	3	44	ATCC	WD					
44-3-4	2	AATGTTCAACTT	4	3	44	ATCC	WD					
7-1-1	2	CAATCATAGGTG	1	1	7	BBS	CD					
7-1-2	2	CCGATAAAGGTT	2	1	7	BBS	CD					
7-1-3	2	GCGTGCCCGGCC	3	1	7	BBS	CD					
7-1-4	2	TAAACCTGGACA	4	1	7	BBS	CD					
33-3-1	2	CTATATTATCCG	1	3	33	BBS	WD					
33-3-2	2	CAAACTGCGTTG	2	3	33	BBS	WD					
33-3-3	2	CTGACACGAATA	3	3	33	BBS	WD					
33-3-4	2	AGCAGTGCGGTG	4	3	33	BBS	WD					
11-1-1	2	GTTGGACGAAGG	1	1	11	ATCC	WD					
11-1-2	2	CAGGAACCAGGA	2	1	11	ATCC	WD					
11-1-3	2	CAAAGGAGCCCG	3	1	11	ATCC	WD					
11-1-4	2	CCAACCCAGATC	4	1	11	ATCC	WD					
25-2-1	2	ACCGAACAATCC	1	2	25	ATCC	WD					
25-2-2	2	TCGAGAGTTTGC	2	2	25	ATCC	WD					
25-2-3	2	GCTGCCCACCTA	3	2	25	ATCC	WD					
25-2-4	2	GCATATGCACTG	4	2	25	ATCC	WD					
40-3-1 	2	GTCACTCCGAAC	1	3	40	BBS	CD					
40-3-2 	2	GCATAAACGACT	2	3	40	BBS	CD					
40-3-3 	2	TGCGGCGTCAGG	3	3	40	BBS	CD					
40-3-4 	2	TTAAGTTAAGTT	4	3	40	BBS	CD					
39-3-1	2	ACGGTACCCTAC	1	3	39	BBS	CD					
39-3-2	2	CGACACGGAGAA	2	3	39	BBS	CD					
39-3-3	2	GCGTTTGCTAGC	3	3	39	BBS	CD					
39-3-4	2	CCGGCGACAGAA	4	3	39	BBS	CD					
13-1-1	2	CGTTCTGGTGGT	1	1	13	ATCC	CD					
13-1-2	2	ATCGTAGTGGTC	2	1	13	ATCC	CD					
13-1-3	2	CGCTGTGGATTA	3	1	13	ATCC	CD					
13-1-4	2	AGCCGCGGGTCC	4	1	13	ATCC	CD					
32-2-1	2	TGAGTCATTGAG	1	2	32	ATCC	CD					
32-2-2	2	TCCACAGGGTTC	2	2	32	ATCC	CD					
32-2-3	2	AGATCGTGCCTA	3	2	32	ATCC	CD					
32-2-4	2	CCTCACTAGCGA	4	2	32	ATCC	CD					
41-3-1	2	TAGTTCGGTGAC	1	3	41	ATCC	WD					
41-3-2	2	ACTAAAGCAAAC	2	3	41	ATCC	WD					
41-3-3	2	CTTGCTCATAAT	3	3	41	ATCC	WD					
41-3-4	2	GGTAGTTCATAG	4	3	41	ATCC	WD					
24-2-1	2	ACCTACTTGTCT	1	2	24	BBS	CD					
24-2-2	2	GGAGAACGACAC	2	2	24	BBS	CD					
24-2-3	2	AATTAATATGTA	3	2	24	BBS	CD					
24-2-4	2	CTAATCAGAGTG	4	2	24	BBS	CD					
20-2-1	2	TTAATGGATCGG	1	2	20	BBS	WD					
20-2-2	2	TAGGAACTCACC	2	2	20	BBS	WD					
20-2-3	2	ACGACAACGGGC	3	2	20	BBS	WD					
20-2-4	2	CGATGAATATCG	4	2	20	BBS	WD					
28-2-1 	2	ACTGTGACGTCC	1	2	28	ATCC	WD					
28-2-2 	2	CCTACCATTGTT	2	2	28	ATCC	WD					
28-2-3 	2	CATTTCGCACTT	3	2	28	ATCC	WD					
28-2-4 	2	CTACTCCACGAG	4	2	28	ATCC	WD					
DNA-BL-5	2	TCAAGTCCGCAC	0	0	0	None	None					
PCR-BL-5	2	GTCCGTCCTGGT	0	0	0	None	None					
DNA-BL-6	2	CTAGCGTGCGTT	0	0	0	None	None					
PCR-BL-6	2	GTTCTAAGGTGA	0	0	0	None	None					
DNA-BL-7	2	CTCTGAGGTAAC	0	0	0	None	None					
PCR-BL-7	2	TCCGGCGGGCAA	0	0	0	None	None					
DNA-BL-8	2	ACATGATATTCT	0	0	0	None	None					
PCR-BL-8	2	TAAGGCATCGCT	0	0	0	None	None					
6-1-1	3	GTTCGGTGTCCA	1	1	6	BBS	CD					
6-1-2	3	GCAAGAATACAT	2	1	6	BBS	CD					
6-1-3	3	CAGGGTAGGGTA	3	1	6	BBS	CD					
6-1-4	3	CTAGTCGCTGGT	4	1	6	BBS	CD					
26-2-1	3	AGAAGGCCTTAT	1	2	26	ATCC	WD					
26-2-2	3	TTGGAACGGCTT	2	2	26	ATCC	WD					
26-2-3	3	TACCTGTGTCTT	3	2	26	ATCC	WD					
26-2-4	3	GATGCGCAGGAC	4	2	26	ATCC	WD					
21-2-1	3	CTACCGATTGCG	1	2	21	BBS	CD					
21-2-2	3	GGTAATAGAGTT	2	2	21	BBS	CD					
21-2-3	3	GTAAATTCAGGC	3	2	21	BBS	CD					
21-2-4	3	AATATCGGGATC	4	2	21	BBS	CD					
4-1-1	3	TGGACTCAGCTA	1	1	4	BBS	WD					
4-1-2	3	TGTTGCGTTTCT	2	1	4	BBS	WD					
4-1-3	3	GCTATATCCAGG	3	1	4	BBS	WD					
4-1-4	3	TGAAAGCGGCGA	4	1	4	BBS	WD					
30-2-1	3	GAGAGTCCACTT	1	2	30	ATCC	CD					
9-1-1	3	ATTTGCTTTGCC	1	1	9	ATCC	WD					
DNA-BL-9	3	ACCCGGATTTCG	0	0	0	None	None					
9-1-2	3	AAGCCTCTACGA	2	1	9	ATCC	WD					
9-1-3	3	GCGATGGCGATG	3	1	9	ATCC	WD					
9-1-4	3	TTATACGTTGTA	4	1	9	ATCC	WD					
PCR-BL-9	3	CATGATTAAGAG	0	0	0	None	None					
30-2-2	3	AGCACCGGTCTT	2	2	30	ATCC	CD					
18-2-1	3	CTAACCTCATAT	1	2	18	BBS	WD					
18-2-2	3	CTTCGGAGGGAG	2	2	18	BBS	WD					
18-2-3	3	GTGACCCTGTCA	3	2	18	BBS	WD					
18-2-4	3	GAGAATGGAAAG	4	2	18	BBS	WD					
37-3-1	3	TAGGAGAGACAG	1	3	37	BBS	CD					
37-3-2	3	GGTGTGAGAAAG	2	3	37	BBS	CD					
37-3-3	3	ACCTATGGTGAA	3	3	37	BBS	CD					
37-3-4	3	ACGCCGAGGTAG	4	3	37	BBS	CD					
43-3-1	3	AGCTTCGACAGT	1	3	43	ATCC	WD					
43-3-2	3	TAAGAAACGTCA	2	3	43	ATCC	WD					
43-3-3	3	AGCAACATTGCA	3	3	43	ATCC	WD					
43-3-4	3	GCTTCATTTCTG	4	3	43	ATCC	WD					
DNA-BL-10	3	CAGTAGCGATAT	0	0	0	None	None					
PCR-BL-10	3	GCCAAGGATAGG	0	0	0	None	None					
14-1-1	3	AATCTAACAATT	1	1	14	ATCC	CD					
DNA-BL-11	3	CTCACGCAATGC	0	0	0	None	None					
35-3-1	3	GAGAGGGATCAC	1	3	35	BBS	WD					
35-3-2	3	TTGCGACAAAGT	2	3	35	BBS	WD					
35-3-3	3	CAGTGTCATGAA	3	3	35	BBS	WD					
35-3-4	3	CATTCAGTTATA	4	3	35	BBS	WD					
45-3-1	3	CCACTCTCTCTA	1	3	45	ATCC	CD					
45-3-2	3	GAACAAAGAGCG	2	3	45	ATCC	CD					
45-3-3	3	GTTCCATCGGCC	3	3	45	ATCC	CD					
45-3-4	3	ATCGTTATATCA	4	3	45	ATCC	CD					
DNA-BL-12	3	TGGCCGTTACTG	0	0	0	None	None					
PCR-BL-11	3	AGGAACCAGACG	0	0	0	None	None					
DNA-BL-13	3	GTTGACCATCGC	0	0	0	None	None					
PCR-BL-12	3	CCAGATATAGCA	0	0	0	None	None					
