SampleID	Plate	Barcode	Timepoint	Cohort	Mouse	Treatment	Diet	Weight	Weight_group	TreatDiet	TreatTime	DietTime	TreatDietTime
#q2:types	categorical	categorical	categorical	categorical	categorical	categorical	categorical	numeric	categorical	categorical	categorical	categorical	categorical
47-3-1	1	GGCTCGTCGGAG	0	3	47	1	0	28	Low	0	0	0	0
47-3-2	1	GACATCTGACAC	1	3	47	1	0	28	Low	0	1	0	0
47-3-3	1	AATTTCCTAACA	2	3	47	1	0	28	Low	0	2	0	0
47-3-4	1	ATAAACGGACAT	3	3	47	1	0	28	Low	0	3	0	0
29-2-1	1	GCTAGTTATGGA	0	2	29	1	0	27	Low	0	0	0	0
29-2-2	1	ACTAGTTGGACC	1	2	29	1	0	27	Low	0	1	0	0
29-2-3	1	CGCAAGCCCGCG	2	2	29	1	0	27	Low	0	2	0	0
29-2-4	1	AGAGCGGAACAA	3	2	29	1	0	27	Low	0	3	0	0
22-2-1	1	ACATGGGCGGAA	0	2	22	0	0	30	Medium	0	0	0	0
22-2-2	1	CTGCGGATATAC	1	2	22	0	0	30	Medium	0	0	0	0
22-2-3	1	GTGAGGGCAAGT	2	2	22	0	0	30	Medium	0	0	0	0
22-2-4	1	ATATTGGCAGCC	3	2	22	0	0	30	Medium	0	0	0	0
15-1-1	1	TCATCCGTCGGC	0	1	15	1	0	28	Low	0	0	0	0
15-1-2	1	GGCTTCGGAGCG	1	1	15	1	0	28	Low	0	1	0	0
15-1-3	1	CGGTCAATTGAC	2	1	15	1	0	28	Low	0	2	0	0
15-1-4	1	TCCGCTGCTGAC	3	1	15	1	0	28	Low	0	3	0	0
5-1-1	1	GATCCGGCAGGA	0	1	5	0	0	30	Medium	0	0	0	0
5-1-2	1	CTTCCAACTCAT	1	1	5	0	0	30	Medium	0	0	0	0
5-1-3	1	CGACCTCGCATA	2	1	5	0	0	30	Medium	0	0	0	0
5-1-4	1	GTCAGAGTATTG	3	1	5	0	0	30	Medium	0	0	0	0
8-1-1	1	TCAGTCAGATGA	0	1	8	0	0	30	Medium	0	0	0	0
8-1-2	1	CGAACGTCTATG	1	1	8	0	0	30	Medium	0	0	0	0
8-1-3	1	CAGTCCCTGCAC	2	1	8	0	0	30	Medium	0	0	0	0
8-1-4	1	TGATTTAATTGC	3	1	8	0	0	30	Medium	0	0	0	0
38-3-1	1	CAATAGAATAAG	0	3	38	0	0	33	Medium	0	0	0	0
38-3-2	1	TATACCGCTGCG	1	3	38	0	0	33	Medium	0	0	0	0
38-3-3	1	CAGTGCACGTCT	2	3	38	0	0	33	Medium	0	0	0	0
38-3-4	1	CTGGTGCTGAAT	3	3	38	0	0	33	Medium	0	0	0	0
31-2-1	1	ACAAAGGTATCA	0	2	31	1	0	32	Medium	0	0	0	0
31-2-2	1	TGAACCCTATGG	1	2	31	1	0	32	Medium	0	1	0	0
31-2-3	1	AATAAGCAATAG	2	2	31	1	0	32	Medium	0	2	0	0
31-2-4	1	TATGGGTAGCTA	3	2	31	1	0	32	Medium	0	3	0	0
16-1-1	1	GTAAACGACTTG	0	1	16	1	0	29	Low	0	0	0	0
16-1-2	1	TTGGACGTCCAC	1	1	16	1	0	29	Low	0	1	0	0
16-1-3	1	GCACGCGAGCAC	2	1	16	1	0	29	Low	0	2	0	0
16-1-4	1	CTTAGGCATGTG	3	1	16	1	0	29	Low	0	3	0	0
23-2-1	1	GCGTGGTCATTA	0	2	23	0	0	32	Medium	0	0	0	0
23-2-2	1	CCTGCACCTGCA	1	2	23	0	0	32	Medium	0	0	0	0
23-2-3	1	TGGTGTTTATAT	2	2	23	0	0	32	Medium	0	0	0	0
23-2-4	1	GTGCGGTTCACT	3	2	23	0	0	32	Medium	0	0	0	0
46-3-1	2	ACTCTGTAATTA	0	3	46	1	0	32	Medium	0	0	0	0
46-3-2	2	ATATGTTCTCAA	1	3	46	1	0	32	Medium	0	1	0	0
46-3-3	2	TCAGACCAACTG	2	3	46	1	0	32	Medium	0	2	0	0
46-3-4	2	TCATTAGCGTGG	3	3	46	1	0	32	Medium	0	3	0	0
48-3-1	2	CTTGGAGGCTTA	0	3	48	1	0	32	Medium	0	0	0	0
48-3-2	2	GTGCCGGCCGAC	1	3	48	1	0	32	Medium	0	1	0	0
48-3-3	2	AGAGGGTGATCG	2	3	48	1	0	32	Medium	0	2	0	0
48-3-4	2	GGATACTCGCAT	3	3	48	1	0	32	Medium	0	3	0	0
7-1-1	2	CAATCATAGGTG	0	1	7	0	0	31	Medium	0	0	0	0
7-1-2	2	CCGATAAAGGTT	1	1	7	0	0	31	Medium	0	0	0	0
7-1-3	2	GCGTGCCCGGCC	2	1	7	0	0	31	Medium	0	0	0	0
7-1-4	2	TAAACCTGGACA	3	1	7	0	0	31	Medium	0	0	0	0
40-3-1	2	GTCACTCCGAAC	0	3	40	0	0	28	Low	0	0	0	0
40-3-2	2	GCATAAACGACT	1	3	40	0	0	28	Low	0	0	0	0
40-3-3	2	TGCGGCGTCAGG	2	3	40	0	0	28	Low	0	0	0	0
40-3-4	2	TTAAGTTAAGTT	3	3	40	0	0	28	Low	0	0	0	0
39-3-1	2	ACGGTACCCTAC	0	3	39	0	0	30	Medium	0	0	0	0
39-3-2	2	CGACACGGAGAA	1	3	39	0	0	30	Medium	0	0	0	0
39-3-3	2	GCGTTTGCTAGC	2	3	39	0	0	30	Medium	0	0	0	0
39-3-4	2	CCGGCGACAGAA	3	3	39	0	0	30	Medium	0	0	0	0
13-1-1	2	CGTTCTGGTGGT	0	1	13	1	0	28	Low	0	0	0	0
13-1-2	2	ATCGTAGTGGTC	1	1	13	1	0	28	Low	0	1	0	0
13-1-3	2	CGCTGTGGATTA	2	1	13	1	0	28	Low	0	2	0	0
13-1-4	2	AGCCGCGGGTCC	3	1	13	1	0	28	Low	0	3	0	0
32-2-1	2	TGAGTCATTGAG	0	2	32	1	0	27	Low	0	0	0	0
32-2-2	2	TCCACAGGGTTC	1	2	32	1	0	27	Low	0	1	0	0
32-2-3	2	AGATCGTGCCTA	2	2	32	1	0	27	Low	0	2	0	0
32-2-4	2	CCTCACTAGCGA	3	2	32	1	0	27	Low	0	3	0	0
24-2-1	2	ACCTACTTGTCT	0	2	24	0	0	33	Medium	0	0	0	0
24-2-2	2	GGAGAACGACAC	1	2	24	0	0	33	Medium	0	0	0	0
24-2-3	2	AATTAATATGTA	2	2	24	0	0	33	Medium	0	0	0	0
24-2-4	2	CTAATCAGAGTG	3	2	24	0	0	33	Medium	0	0	0	0
6-1-1	3	GTTCGGTGTCCA	0	1	6	0	0	28	Low	0	0	0	0
6-1-2	3	GCAAGAATACAT	1	1	6	0	0	28	Low	0	0	0	0
6-1-3	3	CAGGGTAGGGTA	2	1	6	0	0	28	Low	0	0	0	0
6-1-4	3	CTAGTCGCTGGT	3	1	6	0	0	28	Low	0	0	0	0
21-2-1	3	CTACCGATTGCG	0	2	21	0	0	29	Low	0	0	0	0
21-2-2	3	GGTAATAGAGTT	1	2	21	0	0	29	Low	0	0	0	0
21-2-3	3	GTAAATTCAGGC	2	2	21	0	0	29	Low	0	0	0	0
21-2-4	3	AATATCGGGATC	3	2	21	0	0	29	Low	0	0	0	0
37-3-1	3	TAGGAGAGACAG	0	3	37	0	0	28	Low	0	0	0	0
37-3-2	3	GGTGTGAGAAAG	1	3	37	0	0	28	Low	0	0	0	0
37-3-3	3	ACCTATGGTGAA	2	3	37	0	0	28	Low	0	0	0	0
37-3-4	3	ACGCCGAGGTAG	3	3	37	0	0	28	Low	0	0	0	0
45-3-1	3	CCACTCTCTCTA	0	3	45	1	0	28	Low	0	0	0	0
45-3-2	3	GAACAAAGAGCG	1	3	45	1	0	28	Low	0	1	0	0
45-3-3	3	GTTCCATCGGCC	2	3	45	1	0	28	Low	0	2	0	0
45-3-4	3	ATCGTTATATCA	3	3	45	1	0	28	Low	0	3	0	0
1-1-1	1	ATGTTAGGGAAT	0	1	1	0	1	39	High	0	0	0	0
1-1-2	1	AAGTGGCTATCC	1	1	1	0	1	39	High	0	0	1	0
1-1-3	1	GTCGTTACCCGC	2	1	1	0	1	39	High	0	0	2	0
1-1-4	1	AGTATATGTTTC	3	1	1	0	1	39	High	0	0	3	0
10-1-1	1	TGCGCGCCTTCC	0	1	10	1	1	37	High	1	0	0	0
10-1-2	1	GCGCACACCTTC	1	1	10	1	1	37	High	1	1	1	1
10-1-3	1	CACGAAAGCAGG	2	1	10	1	1	37	High	1	2	2	2
10-1-4	1	CGTGGCTTTCCG	3	1	10	1	1	37	High	1	3	3	3
12-1-1	1	ATTTGGCTCTTA	0	1	12	1	1	40	High	1	0	0	0
12-1-2	1	CGCGTCAAACTA	1	1	12	1	1	40	High	1	1	1	1
12-1-3	1	ATGTTCCTCATC	2	1	12	1	1	40	High	1	2	2	2
12-1-4	1	TCCGTGGTATAG	3	1	12	1	1	40	High	1	3	3	3
34-3-1	1	GTTGGTTGGCAT	0	3	34	0	1	32	Medium	0	0	0	0
34-3-2	1	AACGGGCGACGT	1	3	34	0	1	32	Medium	0	0	1	0
34-3-3	1	TACTGAGCCTCG	2	3	34	0	1	32	Medium	0	0	2	0
34-3-4	1	GGTGCAGACAGA	3	3	34	0	1	32	Medium	0	0	3	0
2-1-1	1	GAACGATCATGT	0	1	2	0	1	34	Medium	0	0	0	0
2-1-2	1	CTCCACATTCCT	1	1	2	0	1	34	Medium	0	0	1	0
2-1-3	1	TCTTCGCAGCAG	2	1	2	0	1	34	Medium	0	0	2	0
2-1-4	1	CACGCTATTGGA	3	1	2	0	1	34	Medium	0	0	3	0
42-3-1	1	GTTAAGCTGACC	0	3	42	1	1	25	Low	1	0	0	0
42-3-2	1	GCCTAGCCCAAT	1	3	42	1	1	25	Low	1	1	1	1
42-3-3	1	CATTCGTGGCGT	2	3	42	1	1	25	Low	1	2	2	2
42-3-4	1	GCGGTCGGTCAG	3	3	42	1	1	25	Low	1	3	3	3
27-2-1	1	CCTATTGCGGCC	0	2	27	1	1	24	Low	1	0	0	0
27-2-2	1	GTTAGGGAGCGA	1	2	27	1	1	24	Low	1	1	1	1
27-2-3	1	AGTACGCAGTCT	2	2	27	1	1	24	Low	1	2	2	2
27-2-4	1	TATCCTGGTTTC	3	2	27	1	1	24	Low	1	3	3	3
17-2-1	1	CTGGTCTTACGG	0	2	17	0	1	37	High	0	0	0	0
17-2-2	1	ATGCCGGTAATA	1	2	17	0	1	37	High	0	0	1	0
17-2-3	1	ATCAAGATACGC	2	2	17	0	1	37	High	0	0	2	0
17-2-4	1	CTGAGGCCCTTC	3	2	17	0	1	37	High	0	0	3	0
36-3-1	1	ACATAGCGGTTC	0	3	36	0	1	38	High	0	0	0	0
36-3-2	1	CTTACACTGCTT	1	3	36	0	1	38	High	0	0	1	0
36-3-4	1	ACTCACAGGAAT	2	3	36	0	1	38	High	0	0	2	0
36-3-3	1	GTTGAAGCACCT	3	3	36	0	1	38	High	0	0	3	0
3-1-1	2	CTACAGGGTCTC	0	1	3	0	1	29	Low	0	0	0	0
3-1-2	2	GTTCATTAAACT	1	1	3	0	1	29	Low	0	0	1	0
3-1-3	2	TTCGATGCCGCA	2	1	3	0	1	29	Low	0	0	2	0
3-1-4	2	TCGTTATTCAGT	3	1	3	0	1	29	Low	0	0	3	0
19-2-1	2	TCATGGCCTCCG	0	2	19	0	1	40	High	0	0	0	0
19-2-2	2	ATGTGCTGCTCG	1	2	19	0	1	40	High	0	0	1	0
19-2-3	2	CCACGAGCAGGC	2	2	19	0	1	40	High	0	0	2	0
19-2-4	2	CGCCGTACTTGC	3	2	19	0	1	40	High	0	0	3	0
44-3-1	2	TATCATATTACG	0	3	44	1	1	34	Medium	1	0	0	0
44-3-2	2	CCTTGACCGATG	1	3	44	1	1	34	Medium	1	1	1	1
44-3-3	2	AGCTCTAGAAAC	2	3	44	1	1	34	Medium	1	2	2	2
44-3-4	2	AATGTTCAACTT	3	3	44	1	1	34	Medium	1	3	3	3
33-3-1	2	CTATATTATCCG	0	3	33	0	1	36	High	0	0	0	0
33-3-2	2	CAAACTGCGTTG	1	3	33	0	1	36	High	0	0	1	0
33-3-3	2	CTGACACGAATA	2	3	33	0	1	36	High	0	0	2	0
33-3-4	2	AGCAGTGCGGTG	3	3	33	0	1	36	High	0	0	3	0
11-1-1	2	GTTGGACGAAGG	0	1	11	1	1	29	Low	1	0	0	0
11-1-2	2	CAGGAACCAGGA	1	1	11	1	1	29	Low	1	1	1	1
11-1-3	2	CAAAGGAGCCCG	2	1	11	1	1	29	Low	1	2	2	2
11-1-4	2	CCAACCCAGATC	3	1	11	1	1	29	Low	1	3	3	3
25-2-1	2	ACCGAACAATCC	0	2	25	1	1	31	Medium	1	0	0	0
25-2-2	2	TCGAGAGTTTGC	1	2	25	1	1	31	Medium	1	1	1	1
25-2-3	2	GCTGCCCACCTA	2	2	25	1	1	31	Medium	1	2	2	2
25-2-4	2	GCATATGCACTG	3	2	25	1	1	31	Medium	1	3	3	3
41-3-1	2	TAGTTCGGTGAC	0	3	41	1	1	25	Low	1	0	0	0
41-3-2	2	ACTAAAGCAAAC	1	3	41	1	1	25	Low	1	1	1	1
41-3-3	2	CTTGCTCATAAT	2	3	41	1	1	25	Low	1	2	2	2
41-3-4	2	GGTAGTTCATAG	3	3	41	1	1	25	Low	1	3	3	3
20-2-1	2	TTAATGGATCGG	0	2	20	0	1	37	High	0	0	0	0
20-2-2	2	TAGGAACTCACC	1	2	20	0	1	37	High	0	0	1	0
20-2-3	2	ACGACAACGGGC	2	2	20	0	1	37	High	0	0	2	0
20-2-4	2	CGATGAATATCG	3	2	20	0	1	37	High	0	0	3	0
28-2-1	2	ACTGTGACGTCC	0	2	28	1	1	32	Medium	1	0	0	0
28-2-2	2	CCTACCATTGTT	1	2	28	1	1	32	Medium	1	1	1	1
28-2-3	2	CATTTCGCACTT	2	2	28	1	1	32	Medium	1	2	2	2
28-2-4	2	CTACTCCACGAG	3	2	28	1	1	32	Medium	1	3	3	3
26-2-1	3	AGAAGGCCTTAT	0	2	26	1	1	31	Medium	1	0	0	0
26-2-2	3	TTGGAACGGCTT	1	2	26	1	1	31	Medium	1	1	1	1
26-2-3	3	TACCTGTGTCTT	2	2	26	1	1	31	Medium	1	2	2	2
26-2-4	3	GATGCGCAGGAC	3	2	26	1	1	31	Medium	1	3	3	3
4-1-1	3	TGGACTCAGCTA	0	1	4	0	1	31	Medium	0	0	0	0
4-1-2	3	TGTTGCGTTTCT	1	1	4	0	1	31	Medium	0	0	1	0
4-1-3	3	GCTATATCCAGG	2	1	4	0	1	31	Medium	0	0	2	0
4-1-4	3	TGAAAGCGGCGA	3	1	4	0	1	31	Medium	0	0	3	0
18-2-1	3	CTAACCTCATAT	0	2	18	0	1	37	High	0	0	0	0
18-2-2	3	CTTCGGAGGGAG	1	2	18	0	1	37	High	0	0	1	0
18-2-3	3	GTGACCCTGTCA	2	2	18	0	1	37	High	0	0	2	0
18-2-4	3	GAGAATGGAAAG	3	2	18	0	1	37	High	0	0	3	0
43-3-1	3	AGCTTCGACAGT	0	3	43	1	1	33	Medium	1	0	0	0
43-3-2	3	TAAGAAACGTCA	1	3	43	1	1	33	Medium	1	1	1	1
43-3-3	3	AGCAACATTGCA	2	3	43	1	1	33	Medium	1	2	2	2
43-3-4	3	GCTTCATTTCTG	3	3	43	1	1	33	Medium	1	3	3	3
35-3-1	3	GAGAGGGATCAC	0	3	35	0	1	37	High	0	0	0	0
35-3-2	3	TTGCGACAAAGT	1	3	35	0	1	37	High	0	0	1	0
35-3-3	3	CAGTGTCATGAA	2	3	35	0	1	37	High	0	0	2	0
35-3-4	3	CATTCAGTTATA	3	3	35	0	1	37	High	0	0	3	0
